'Phys.Foundation.IsFold' depends on axioms: [propext]
'Phys.Foundation.fold_eq_neg' depends on axioms: [propext]
'Phys.Foundation.fold_unique' depends on axioms: [propext, Quot.sound]
'Phys.Foundation.fold_void' depends on axioms: [propext]
'Phys.Foundation.fold_involutive' depends on axioms: [propext]
'Phys.Foundation.fold_self_blind' depends on axioms: [propext]
'Phys.Foundation.neg_isFold' depends on axioms: [propext]
'fold_char2_has_nonzero_fixed' depends on axioms: [propext, Quot.sound]
'fold_nonzero_not_fixed' depends on axioms: [propext, Quot.sound]
'Phys.Foundation.Re' does not depend on any axioms
'Phys.Foundation.Re.step_inj' does not depend on any axioms
'Phys.Foundation.Re.step_ne_void' does not depend on any axioms
'Phys.Foundation.Re.step_ne_self' does not depend on any axioms
'Phys.Foundation.Re.iterate' does not depend on any axioms
'Phys.Foundation.Re.iterate_void' does not depend on any axioms
'Phys.Foundation.Re.iterate_step' does not depend on any axioms
'Phys.Foundation.Re.iterate_unique' does not depend on any axioms
'Phys.Foundation.Re.step_not_surjective' does not depend on any axioms
'Phys.Foundation.Re.foldOrbit' does not depend on any axioms
'Phys.Foundation.Re.foldOrbit_period_two' depends on axioms: [propext]
'Phys.Foundation.Re.count_transcends_fold_closure' does not depend on any axioms
'Phys.Foundation.Re.add' does not depend on any axioms
'Phys.Foundation.Re.mul' does not depend on any axioms
'Phys.Foundation.Re.add_comm' does not depend on any axioms
'Phys.Foundation.Re.add_assoc' does not depend on any axioms
'Phys.Foundation.Re.add_right_cancel' depends on axioms: [propext]
'Phys.Foundation.Re.add_left_cancel' depends on axioms: [propext]
'Phys.Foundation.Re.mul_comm' does not depend on any axioms
'Phys.Foundation.Re.mul_assoc' does not depend on any axioms
'Phys.Foundation.Re.left_distrib' does not depend on any axioms
'Phys.Foundation.Re.right_distrib' does not depend on any axioms
'Phys.Foundation.Re.commSemiring' does not depend on any axioms
'Phys.Foundation.intRel' does not depend on any axioms
'Phys.Foundation.intRel_trans' depends on axioms: [propext]
'Phys.Foundation.intSetoid' depends on axioms: [propext]
'Phys.Foundation.Z' depends on axioms: [propext]
'Phys.Foundation.Z.mk' depends on axioms: [propext]
'Phys.Foundation.Z.sound' depends on axioms: [propext, Quot.sound]
'Phys.Foundation.Z.exact'' depends on axioms: [propext]
'Phys.Foundation.Z.add' depends on axioms: [propext, Quot.sound]
'Phys.Foundation.Z.neg' depends on axioms: [propext, Quot.sound]
'Phys.Foundation.Z.mul' depends on axioms: [propext, Quot.sound]
'Phys.Foundation.Z.commRing' depends on axioms: [propext, Quot.sound]
'Phys.Foundation.Z.ofRe' depends on axioms: [propext]
'Phys.Foundation.Z.ofRe_add' depends on axioms: [propext, Quot.sound]
'Phys.Foundation.Z.ofRe_mul' depends on axioms: [propext, Quot.sound]
'Phys.Foundation.Z.ofRe_injective' depends on axioms: [propext]
'Phys.Foundation.Z.exists_neg' depends on axioms: [propext, Quot.sound]
'Phys.Foundation.Z.neg_one_not_ofRe' depends on axioms: [propext]
'Phys.Foundation.Z.neg_one_eq' depends on axioms: [propext, Quot.sound]
'Phys.Foundation.Re.mul_ne_zero'' does not depend on any axioms
'Phys.Foundation.Re.add_comparable' does not depend on any axioms
'Phys.Foundation.Re.sub_exists_of_ne' does not depend on any axioms
'Phys.Foundation.Re.mul_cross_ne' depends on axioms: [propext]
'Phys.Foundation.Re.add_self_ne_step_add_self' does not depend on any axioms
'Phys.Foundation.Z.one_ne_zero'' depends on axioms: [propext, Quot.sound]
'Phys.Foundation.NZ' depends on axioms: [propext]
'Phys.Foundation.ratRel' depends on axioms: [propext, Quot.sound]
'Phys.Foundation.ratRel_trans' depends on axioms: [propext, Classical.choice, Quot.sound]
'Phys.Foundation.ratSetoid' depends on axioms: [propext, Classical.choice, Quot.sound]
'Phys.Foundation.Q' depends on axioms: [propext, Classical.choice, Quot.sound]
'Phys.Foundation.Q.mk' depends on axioms: [propext, Classical.choice, Quot.sound]
'Phys.Foundation.Q.sound' depends on axioms: [propext, Classical.choice, Quot.sound]
'Phys.Foundation.Q.exact'' depends on axioms: [propext, Classical.choice, Quot.sound]
'Phys.Foundation.Q.add' depends on axioms: [propext, Classical.choice, Quot.sound]
'Phys.Foundation.Q.neg' depends on axioms: [propext, Classical.choice, Quot.sound]
'Phys.Foundation.Q.mul' depends on axioms: [propext, Classical.choice, Quot.sound]
'Phys.Foundation.Q.commRing' depends on axioms: [propext, Classical.choice, Quot.sound]
'Phys.Foundation.Q.isField' depends on axioms: [propext, Classical.choice, Quot.sound]
'Phys.Foundation.Q.field' depends on axioms: [propext, Classical.choice, Quot.sound]
'Phys.Foundation.Q.ofZ' depends on axioms: [propext, Classical.choice, Quot.sound]
'Phys.Foundation.Q.ofZ_add' depends on axioms: [propext, Classical.choice, Quot.sound]
'Phys.Foundation.Q.ofZ_mul' depends on axioms: [propext, Classical.choice, Quot.sound]
'Phys.Foundation.Q.ofZ_injective' depends on axioms: [propext, Classical.choice, Quot.sound]
'Phys.Foundation.Q.half' depends on axioms: [propext, Classical.choice, Quot.sound]
'Phys.Foundation.Q.half_ne_zero' depends on axioms: [propext, Classical.choice, Quot.sound]
'Phys.Foundation.Q.half_mul_two' depends on axioms: [propext, Classical.choice, Quot.sound]
'Phys.Foundation.Q.half_not_ofZ' depends on axioms: [propext, Classical.choice, Quot.sound]
'Phys.Foundation.Re.add_eq_zero' does not depend on any axioms
'Phys.Foundation.Re.linearOrder' depends on axioms: [propext, Classical.choice, Quot.sound]
'Phys.Foundation.Re.zero_le' does not depend on any axioms
'Phys.Foundation.Re.le_add_right' does not depend on any axioms
'Phys.Foundation.Z.linearOrder' depends on axioms: [propext, Classical.choice, Quot.sound]
'Phys.Foundation.Z.mul_pos' depends on axioms: [propext, Classical.choice, Quot.sound]
'Phys.Foundation.Z.isStrictOrderedRing' depends on axioms: [propext, Classical.choice, Quot.sound]
'Phys.Foundation.Q.Nonneg' depends on axioms: [propext, Classical.choice, Quot.sound]
'Phys.Foundation.Q.nonneg_total' depends on axioms: [propext, Classical.choice, Quot.sound]
'Phys.Foundation.Q.nonneg_add' depends on axioms: [propext, Classical.choice, Quot.sound]
'Phys.Foundation.Q.nonneg_mul' depends on axioms: [propext, Classical.choice, Quot.sound]
'Phys.Foundation.Q.eq_zero_of_nonneg_neg' depends on axioms: [propext, Classical.choice, Quot.sound]
'Phys.Foundation.Q.linearOrder' depends on axioms: [propext, Classical.choice, Quot.sound]
'Phys.Foundation.Q.mul_pos' depends on axioms: [propext, Classical.choice, Quot.sound]
'Phys.Foundation.Q.isStrictOrderedRing' depends on axioms: [propext, Classical.choice, Quot.sound]
'Phys.Foundation.Q.zero_lt_one'' depends on axioms: [propext, Classical.choice, Quot.sound]
'Phys.Cascade.IsFoldRoot' depends on axioms: [propext]
'Phys.Cascade.isFoldRoot_iff' depends on axioms: [propext]
'Phys.Cascade.scalar_isFoldRoot_iff' depends on axioms: [propext]
'Phys.Cascade.sqrt_fold_not_on_line' depends on axioms: [propext, Classical.choice, Quot.sound]
'Phys.Cascade.no_scalar_foldRoot_on_line' depends on axioms: [propext, Classical.choice, Quot.sound]
'Phys.Cascade.sqrt_fold_on_unordered_line' depends on axioms: [propext, Quot.sound]
'Phys.Cascade.obstruction_nonvacuous' depends on axioms: [propext, Classical.choice, Quot.sound]
'Phys.Cascade.isFoldRoot_linearMap_iff' depends on axioms: [propext, Quot.sound]
'Phys.Cascade.foldRoot_forces_even_dim' depends on axioms: [propext, Classical.choice, Quot.sound]
'Phys.Cascade.no_foldRoot_dim1' depends on axioms: [propext, Classical.choice, Quot.sound]
'Phys.Cascade.no_foldRoot_dim1_of_evenLaw' depends on axioms: [propext, Classical.choice, Quot.sound]
'Phys.Cascade.J₂' depends on axioms: [propext, Classical.choice, Quot.sound]
'Phys.Cascade.J₂_isFoldRoot' depends on axioms: [propext, Classical.choice, Quot.sound]
'Phys.Cascade.J₂_self_blind' depends on axioms: [propext, Classical.choice, Quot.sound]
'Phys.Cascade.Dbl.J_mul_J' depends on axioms: [propext]
'Phys.Cascade.Dbl.mulJ_isFoldRoot' depends on axioms: [propext, Quot.sound]
'Phys.Cascade.Dbl.J_self_blind' depends on axioms: [propext, Quot.sound]
'Phys.Cascade.Dbl.decomp' depends on axioms: [propext]
'Phys.Cascade.Dbl.ι_injective' does not depend on any axioms
'Phys.Cascade.Dbl.J_not_scalar' depends on axioms: [propext]
'Phys.Cascade.Dbl.mul_forced' depends on axioms: [propext, Quot.sound]
'Phys.Cascade.Dbl.J_nonvacuous' depends on axioms: [propext, Classical.choice, Quot.sound]
'Phys.Cascade.CD.iota_injective' does not depend on any axioms
'Phys.Cascade.CD.iota_e2_comm_iff' depends on axioms: [propext, Quot.sound]
'Phys.Cascade.Dbl.star_J' depends on axioms: [propext]
'Phys.Cascade.Dbl.J_ne_star_J' depends on axioms: [propext, Quot.sound]
'Phys.Cascade.H_associative' depends on axioms: [propext, Quot.sound]
'Phys.Cascade.commutativity_cause' depends on axioms: [propext, Quot.sound]
'Phys.Cascade.not_commutative_witness' depends on axioms: [propext, Classical.choice, Quot.sound]
'Phys.Cascade.not_commutative' depends on axioms: [propext, Classical.choice, Quot.sound]
'Phys.Cascade.comm_products' depends on axioms: [propext, Classical.choice, Quot.sound]
'Phys.Cascade.CD.iota_iota_e2_assoc_iff' depends on axioms: [propext, Quot.sound]
'Phys.Cascade.assoc_triple_iff' depends on axioms: [propext, Quot.sound]
'Phys.Cascade.not_associative_witness' depends on axioms: [propext, Classical.choice, Quot.sound]
'Phys.Cascade.not_associative' depends on axioms: [propext, Classical.choice, Quot.sound]
'Phys.Cascade.associativity_cause' depends on axioms: [propext, Quot.sound]
'Phys.Cascade.zero_divisor_prod' depends on axioms: [propext, Classical.choice, Quot.sound]
'Phys.Cascade.zdX_ne_zero' depends on axioms: [propext, Classical.choice, Quot.sound]
'Phys.Cascade.zdY_ne_zero' depends on axioms: [propext, Classical.choice, Quot.sound]
'Phys.Cascade.has_zero_divisor' depends on axioms: [propext, Classical.choice, Quot.sound]
'Phys.Cascade.N_zero' depends on axioms: [propext, Classical.choice, Quot.sound]
'Phys.Cascade.N_zdX' depends on axioms: [propext, Classical.choice, Quot.sound]
'Phys.Cascade.N_zdY' depends on axioms: [propext, Classical.choice, Quot.sound]
'Phys.Cascade.born_law_fails' depends on axioms: [propext, Classical.choice, Quot.sound]
'Phys.Cascade.zero_divisor_breaks_composition' depends on axioms: [propext, Classical.choice, Quot.sound]
'Phys.Cascade.CD.Nrm' does not depend on any axioms
'Phys.Cascade.CD.Nrm_def' depends on axioms: [propext, Quot.sound]
'Phys.Cascade.CD.selfMul' depends on axioms: [propext, Quot.sound]
'Phys.Cascade.CD.Nrm_one' depends on axioms: [propext, Quot.sound]
'Phys.Cascade.CD.Nrm_iota' depends on axioms: [propext, Quot.sound]
'Phys.Cascade.CD.Nrm_mul_of_comm' depends on axioms: [propext, Quot.sound]
'Phys.Cascade.N_eq_proj' depends on axioms: [propext, Classical.choice, Quot.sound]
'Phys.Cascade.Nrm_zd_prod' depends on axioms: [propext, Classical.choice, Quot.sound]
'Phys.Cascade.Nrm_prod_proj' depends on axioms: [propext, Classical.choice, Quot.sound]
'Phys.Cascade.genNrm_not_mul_at_S' depends on axioms: [propext, Classical.choice, Quot.sound]
'Phys.Cascade.CD.Nrm_mul_of_doubled_base' depends on axioms: [propext, Quot.sound]
'Phys.Cascade.Nrm_mul_on_O' depends on axioms: [propext, Classical.choice, Quot.sound]
'Phys.Cascade.forced_stop_boundary' depends on axioms: [propext, Classical.choice, Quot.sound]
'Phys.Cascade.CD.add_mul'' depends on axioms: [propext]
'Phys.Cascade.CD.mul_add'' depends on axioms: [propext]
'Phys.Cascade.CD.bilin' does not depend on any axioms
'Phys.Cascade.CD.bilin_diag' depends on axioms: [propext, Quot.sound]
'Phys.Cascade.CD.bilin_symm' depends on axioms: [propext, Quot.sound]
'Phys.Cascade.CD.bilin_add_left' depends on axioms: [propext, Quot.sound]
'Phys.Cascade.CD.bilin_add_right' depends on axioms: [propext]
'Phys.Cascade.CD.Nrm_add' depends on axioms: [propext, Quot.sound]
'Phys.Cascade.CD.P1' depends on axioms: [propext, Quot.sound]
'Phys.Cascade.CD.P2' depends on axioms: [propext, Quot.sound]
'Phys.Cascade.CD.iota_mul' depends on axioms: [propext, Quot.sound]
'Phys.Cascade.CD.iota_assoc_iff' depends on axioms: [propext, Quot.sound]
'Phys.Cascade.CD.base_assoc_of_image_assoc' depends on axioms: [propext, Quot.sound]
'Phys.Cascade.CD.scal_im_assoc' depends on axioms: [propext, Quot.sound]
'Phys.Cascade.CD.assoc_of_scaling' depends on axioms: [propext, Quot.sound]
'Phys.Cascade.CD.mul_add_na' depends on axioms: [propext]
'Phys.Cascade.CD.Nrm_add_na' depends on axioms: [propext, Quot.sound]
'Phys.Cascade.CD.bilin_add_left_na' depends on axioms: [propext, Quot.sound]
'Phys.Cascade.CD.bilin_neg_left_na' depends on axioms: [propext, Quot.sound]
'Phys.Cascade.CD.P2_na' depends on axioms: [propext, Quot.sound]
'Phys.Cascade.CD.bilin_diag_na' depends on axioms: [propext, Quot.sound]
'Phys.Cascade.CDcore.adjoint3' depends on axioms: [propext, Quot.sound]
'Phys.Cascade.CDcore.Nrm_star3' depends on axioms: [propext, Quot.sound]
'Phys.Cascade.CDcore.bilin_iotaNrm3' depends on axioms: [propext, Quot.sound]
'Phys.Cascade.CDcore.bilin_L_zero' depends on axioms: [propext, Quot.sound]
'Phys.Cascade.CDcore.scaling_of_H' depends on axioms: [propext, Quot.sound]
'Phys.Cascade.CDcore.base_assoc_of_H' depends on axioms: [propext, Quot.sound]
'Phys.Cascade.CDcore.comm_of_base_assoc' depends on axioms: [propext, Quot.sound]
'Phys.Cascade.CDcore.Nrm_mul_iff_base_assoc' depends on axioms: [propext, Quot.sound]
'Phys.Cascade.aniso_S2' depends on axioms: [propext, Classical.choice, Quot.sound]
'Phys.Cascade.Nrm_mul_iff_O_assoc' depends on axioms: [propext, Classical.choice, Quot.sound]
'Phys.Cascade.Nrm_not_mul_on_S' depends on axioms: [propext, Classical.choice, Quot.sound]
'Phys.Algebra.scaling_law' depends on axioms: [propext, Quot.sound]
'Phys.Algebra.iota_add' depends on axioms: [propext, Quot.sound]
'Phys.Algebra.add_mul_na' depends on axioms: [propext, Quot.sound]
'Phys.Algebra.L_sq_imag' depends on axioms: [propext, Quot.sound]
'Phys.Algebra.clifford_imag' depends on axioms: [propext, Quot.sound]
'Phys.Algebra.Lop' depends on axioms: [propext, Quot.sound]
'Phys.Algebra.L_sq_op' depends on axioms: [propext, Quot.sound]
'Phys.Algebra.clifford_op' depends on axioms: [propext, Quot.sound]
'Phys.Algebra.unit_imag' depends on axioms: [propext, Classical.choice, Quot.sound]
'Phys.Algebra.Nrm_unit' depends on axioms: [propext, Classical.choice, Quot.sound]
'Phys.Algebra.iota_Nrm_unit' depends on axioms: [propext, Classical.choice, Quot.sound]
'Phys.Algebra.Lop_one' depends on axioms: [propext, Classical.choice, Quot.sound]
'Phys.Algebra.L_unit_sq' depends on axioms: [propext, Classical.choice, Quot.sound]
'Phys.Algebra.unit_imag'' depends on axioms: [propext, Classical.choice, Quot.sound]
'Phys.Algebra.bilin_units' depends on axioms: [propext, Classical.choice, Quot.sound]
'Phys.Algebra.units_anticommute' depends on axioms: [propext, Classical.choice, Quot.sound]
'Phys.Algebra.op_nonassoc' depends on axioms: [propext, Classical.choice, Quot.sound]
'Phys.Algebra.Lop_one'' depends on axioms: [propext, Quot.sound]
'Phys.Algebra.Lop_zero' depends on axioms: [propext, Quot.sound]
'Phys.Algebra.iota_one' depends on axioms: [propext]
'Phys.Algebra.iota_zero' depends on axioms: [propext]
'Phys.Algebra.unit_sq_op' depends on axioms: [propext, Quot.sound]
'Phys.Algebra.ortho_anticomm_op' depends on axioms: [propext, Quot.sound]
'Phys.Algebra.genSet' depends on axioms: [propext, Quot.sound]
'Phys.Algebra.gen' depends on axioms: [propext, Classical.choice, Quot.sound]
'Phys.Algebra.Lop_mem_gen' depends on axioms: [propext, Classical.choice, Quot.sound]
'Phys.Algebra.genModule' depends on axioms: [propext, Classical.choice, Quot.sound]
'Phys.Algebra.gen_smul' depends on axioms: [propext, Classical.choice, Quot.sound]
'Phys.Algebra.gen_smul_Lop' depends on axioms: [propext, Classical.choice, Quot.sound]
'Phys.Algebra.anticomm_val_mem' depends on axioms: [propext, Classical.choice, Quot.sound]
'Phys.Algebra.clifford_in_gen' depends on axioms: [propext, Classical.choice, Quot.sound]
'Phys.Algebra.ebasis' depends on axioms: [propext, Classical.choice, Quot.sound]
'Phys.Algebra.ebasis_imag' depends on axioms: [propext, Classical.choice, Quot.sound]
'Phys.Algebra.ebasis_nrm' depends on axioms: [propext, Classical.choice, Quot.sound]
'Phys.Algebra.bilin_re_re' depends on axioms: [propext, Classical.choice, Quot.sound]
'Phys.Algebra.bilin_re_im' depends on axioms: [propext, Classical.choice, Quot.sound]
'Phys.Algebra.bilin_im_re' depends on axioms: [propext, Classical.choice, Quot.sound]
'Phys.Algebra.bilin_im_im' depends on axioms: [propext, Classical.choice, Quot.sound]
'Phys.Algebra.ortho_of_dot' depends on axioms: [propext, Classical.choice, Quot.sound]
'Phys.Algebra.ebasis_ortho' depends on axioms: [propext, Classical.choice, Quot.sound]
'Phys.Algebra.Lbasis_sq' depends on axioms: [propext, Classical.choice, Quot.sound]
'Phys.Algebra.Lbasis_anticomm' depends on axioms: [propext, Classical.choice, Quot.sound]
'Phys.Algebra.ebasis_mem_gen' depends on axioms: [propext, Classical.choice, Quot.sound]
'Phys.Algebra.gen_noncomm' depends on axioms: [propext, Classical.choice, Quot.sound]
'Phys.Algebra.jordan_of_ring' depends on axioms: [propext, Classical.choice, Quot.sound]
'Phys.Algebra.jordan_of_assoc' depends on axioms: [propext, Classical.choice, Quot.sound]
'Phys.Algebra.jdef_witness' depends on axioms: [propext, Classical.choice, Quot.sound]
'Phys.Algebra.jordan_fails_H4' depends on axioms: [propext, Classical.choice, Quot.sound]
'Phys.Algebra.cap_forces_nonassoc' depends on axioms: [propext, Classical.choice, Quot.sound]
'Phys.Algebra.jordan_cap_iff_nonassoc' depends on axioms: [propext, Classical.choice, Quot.sound]
'Phys.Algebra.cap_from_cascade_stop' depends on axioms: [propext, Classical.choice, Quot.sound]
'Phys.Algebra.mul_mul_left' depends on axioms: [propext, Quot.sound]
'Phys.Algebra.mul_mul_right' depends on axioms: [propext, Quot.sound]
'Phys.Algebra.mul_flex' depends on axioms: [propext, Quot.sound]
'Phys.Algebra.mul_swap12' depends on axioms: [propext, Quot.sound]
'Phys.Algebra.mul_swap23' depends on axioms: [propext, Quot.sound]
'Phys.Algebra.moufang_left' depends on axioms: [propext, Quot.sound]
'Phys.Algebra.moufang_right' depends on axioms: [propext, Quot.sound]
'Phys.Algebra.moufang_mid' depends on axioms: [propext, Quot.sound]
'Phys.Algebra.assoc' depends on axioms: [propext, Quot.sound]
'Phys.Algebra.alt_left' depends on axioms: [propext, Quot.sound]
'Phys.Algebra.alt_right' depends on axioms: [propext, Quot.sound]
'Phys.Algebra.alt_flex' depends on axioms: [propext, Quot.sound]
'Phys.Algebra.assoc_swap12' depends on axioms: [propext, Quot.sound]
'Phys.Algebra.assoc_swap23' depends on axioms: [propext, Quot.sound]
'Phys.Algebra.assoc_witness_coord' depends on axioms: [propext, Classical.choice, Quot.sound]
'Phys.Algebra.assoc_nonvanishing' depends on axioms: [propext, Classical.choice, Quot.sound]
'Phys.Algebra.HJ.ocR' depends on axioms: [propext, Classical.choice, Quot.sound]
'Phys.Algebra.HJ.Hm' depends on axioms: [propext, Classical.choice, Quot.sound]
'Phys.Algebra.HJ.ocR_comm' depends on axioms: [propext, Classical.choice, Quot.sound]
'Phys.Algebra.HJ.ocR_assocL' depends on axioms: [propext, Classical.choice, Quot.sound]
'Phys.Algebra.HJ.ocR_assocM' depends on axioms: [propext, Classical.choice, Quot.sound]
'Phys.Algebra.HJ.ocR_assocR' depends on axioms: [propext, Classical.choice, Quot.sound]
'Phys.Algebra.HJ.ocR_star' depends on axioms: [propext, Classical.choice, Quot.sound]
'Phys.Algebra.HJ.tr_comm' depends on axioms: [propext, Quot.sound]
'Phys.Algebra.HJ.tr_assocL' depends on axioms: [propext, Quot.sound]
'Phys.Algebra.HJ.tr_assocM' depends on axioms: [propext, Quot.sound]
'Phys.Algebra.HJ.tr_assocR' depends on axioms: [propext, Quot.sound]
'Phys.Algebra.HJ.nrm_comm' depends on axioms: [propext, Quot.sound]
'Phys.Algebra.HJ.nrm_assocL' depends on axioms: [propext, Quot.sound]
'Phys.Algebra.HJ.nrm_assocM' depends on axioms: [propext, Quot.sound]
'Phys.Algebra.HJ.nrm_assocR' depends on axioms: [propext, Quot.sound]
'Phys.Algebra.HJ.nrm_symm' depends on axioms: [propext, Quot.sound]
'Phys.Algebra.HJ.sq_ch' depends on axioms: [propext, Quot.sound]
'Phys.Algebra.HJ.jb_add_left' depends on axioms: [propext, Classical.choice, Quot.sound]
'Phys.Algebra.HJ.jb_add_right' depends on axioms: [propext, Classical.choice, Quot.sound]
'Phys.Algebra.HJ.jdef_add_right' depends on axioms: [propext, Classical.choice, Quot.sound]
'Phys.Algebra.HJ.central_diag' depends on axioms: [propext]
'Phys.Algebra.HJ.jdef_single_pair' depends on axioms: [propext, Classical.choice, Quot.sound]
'Phys.Algebra.HJ.ka' depends on axioms: [propext, Quot.sound]
'Phys.Algebra.HJ.e22' depends on axioms: [propext, Classical.choice, Quot.sound]
'Phys.Algebra.HJ.bb1' depends on axioms: [propext, Classical.choice, Quot.sound]
'Phys.Algebra.HJ.bb2' depends on axioms: [propext, Classical.choice, Quot.sound]
'Phys.Algebra.HJ.bb3' depends on axioms: [propext, Classical.choice, Quot.sound]
'Phys.Algebra.HJ.Xz_split' depends on axioms: [propext, Classical.choice, Quot.sound]
'Phys.Algebra.HJ.jdef_Xz_core' depends on axioms: [propext, Classical.choice, Quot.sound]
'Phys.Algebra.HJ.jdef_master' depends on axioms: [propext, Classical.choice, Quot.sound]
'Phys.Algebra.HJ.Dg' depends on axioms: [propext, Classical.choice, Quot.sound]
'Phys.Algebra.HJ.Dg_assocL' depends on axioms: [propext, Classical.choice, Quot.sound]
'Phys.Algebra.HJ.Dg_assocM' depends on axioms: [propext, Classical.choice, Quot.sound]
'Phys.Algebra.HJ.Dg_assocR' depends on axioms: [propext, Classical.choice, Quot.sound]
'Phys.Algebra.HJ.gmat_drop_abstract' depends on axioms: [propext, Classical.choice, Quot.sound]
'Phys.Algebra.HJ.Hm_split' depends on axioms: [propext, Classical.choice, Quot.sound]
'Phys.Algebra.HJ.gmat_Hm' depends on axioms: [propext, Classical.choice, Quot.sound]
'Phys.Algebra.HJ.gxz_offdiag' depends on axioms: [propext, Classical.choice, Quot.sound]
'Phys.Algebra.HJ.diag_comm_offzero' depends on axioms: [propext, Classical.choice, Quot.sound]
'Phys.Algebra.HJ.jdef_Hm_Dg' depends on axioms: [propext, Classical.choice, Quot.sound]
'Phys.Algebra.HJ.jdef_nuc_first' depends on axioms: [propext, Classical.choice, Quot.sound]
'Phys.Algebra.HJ.jdef_Dg_Xz' depends on axioms: [propext, Classical.choice, Quot.sound]
'Phys.Algebra.HJ.asw_star' depends on axioms: [propext, Quot.sound]
'Phys.Algebra.HJ.jdef_polar_first' depends on axioms: [propext, Classical.choice, Quot.sound]
'Phys.Algebra.HJ.jdef_Hm_Xz_polar' depends on axioms: [propext, Classical.choice, Quot.sound]
'Phys.Algebra.HJ.ocR_mul' depends on axioms: [propext, Classical.choice, Quot.sound]
'Phys.Algebra.HJ.ocR_add' depends on axioms: [propext, Classical.choice, Quot.sound]
'Phys.Algebra.HJ.ocR_zero' depends on axioms: [propext, Classical.choice, Quot.sound]
'Phys.Algebra.HJ.ocR_one_mul' depends on axioms: [propext, Classical.choice, Quot.sound]
'Phys.Algebra.HJ.Dg00' depends on axioms: [propext, Classical.choice, Quot.sound]
'Phys.Algebra.HJ.Dg11' depends on axioms: [propext, Classical.choice, Quot.sound]
'Phys.Algebra.HJ.Dg22' depends on axioms: [propext, Classical.choice, Quot.sound]
'Phys.Algebra.HJ.Dg01' depends on axioms: [propext, Classical.choice, Quot.sound]
'Phys.Algebra.HJ.Dg02' depends on axioms: [propext, Classical.choice, Quot.sound]
'Phys.Algebra.HJ.Dg10' depends on axioms: [propext, Classical.choice, Quot.sound]
'Phys.Algebra.HJ.Dg12' depends on axioms: [propext, Classical.choice, Quot.sound]
'Phys.Algebra.HJ.Dg20' depends on axioms: [propext, Classical.choice, Quot.sound]
'Phys.Algebra.HJ.Dg21' depends on axioms: [propext, Classical.choice, Quot.sound]
'Phys.Algebra.HJ.jbDg_scale' depends on axioms: [propext, Classical.choice, Quot.sound]
'Phys.Algebra.HJ.qMod' depends on axioms: [propext, Classical.choice, Quot.sound]
'Phys.Algebra.HJ.tr_l' depends on axioms: [propext, Classical.choice, Quot.sound]
'Phys.Algebra.HJ.tr_r' depends on axioms: [propext, Classical.choice, Quot.sound]
'Phys.Algebra.HJ.tr_sl' depends on axioms: [propext, Classical.choice, Quot.sound]
'Phys.Algebra.HJ.tr_sr' depends on axioms: [propext, Classical.choice, Quot.sound]
'Phys.Algebra.HJ.polarCross2_Dg_Xz' depends on axioms: [propext, Classical.choice, Quot.sound]
'Phys.Algebra.HJ.polarCross1_Du0' depends on axioms: [propext, Classical.choice, Quot.sound]
'Phys.Algebra.HJ.polarCross1_Du1' depends on axioms: [propext, Classical.choice, Quot.sound]
'Phys.Algebra.HJ.polarCross1_Du2' depends on axioms: [propext, Classical.choice, Quot.sound]
'Phys.Algebra.HJ.jb_smul_left' depends on axioms: [propext, Classical.choice, Quot.sound]
'Phys.Algebra.HJ.jb_smul_right' depends on axioms: [propext, Classical.choice, Quot.sound]
'Phys.Algebra.HJ.pc1_smul_left' depends on axioms: [propext, Classical.choice, Quot.sound]
'Phys.Algebra.HJ.pc1_add_left' depends on axioms: [propext, Classical.choice, Quot.sound]
'Phys.Algebra.HJ.Dg_eq_smul' depends on axioms: [propext, Classical.choice, Quot.sound]
'Phys.Algebra.HJ.polarCross1_Dg_Xz' depends on axioms: [propext, Classical.choice, Quot.sound]
'Phys.Algebra.HJ.jdef_Hm_Xz' depends on axioms: [propext, Classical.choice, Quot.sound]
'Phys.Algebra.HJ.jdef_H3' depends on axioms: [propext, Classical.choice, Quot.sound]
'Phys.Algebra.HJ.jordan_cap_pinned_at_three' depends on axioms: [propext, Classical.choice, Quot.sound]
'Phys.Foundation.Re.even_or_odd' depends on axioms: [propext]
'Phys.Foundation.Re.no_sq_two_bounded' depends on axioms: [propext, Classical.choice, Quot.sound]
'Phys.Foundation.Re.no_sq_two' depends on axioms: [propext, Classical.choice, Quot.sound]
'Phys.Foundation.Z.no_sq_two_Z' depends on axioms: [propext, Classical.choice, Quot.sound]
'Phys.Foundation.Q.no_q_sq_two' depends on axioms: [propext, Classical.choice, Quot.sound]
'Phys.Foundation.ContinuumQ.sqrtTwoGather_isGather' depends on axioms: [propext, Classical.choice, Quot.sound]
'Phys.Foundation.ContinuumQ.sqrtTwoGather_not_coherent' depends on axioms: [propext, Classical.choice, Quot.sound]
'Phys.Foundation.ContinuumQ.ground_not_coherence_closed' depends on axioms: [propext, Classical.choice, Quot.sound]
'Phys.Foundation.ContinuumQ.Cut.le_total' depends on axioms: [propext, Classical.choice, Quot.sound]
'Phys.Foundation.ContinuumQ.completion_coherence_closed' depends on axioms: [propext, Classical.choice, Quot.sound]
'Phys.Foundation.ContinuumQ.coherent_gather' depends on axioms: [propext, Classical.choice, Quot.sound]
'Phys.Foundation.ContinuumQ.sqrt2' depends on axioms: [propext, Classical.choice, Quot.sound]
'Phys.Foundation.ContinuumQ.sqrt2_not_rational' depends on axioms: [propext, Classical.choice, Quot.sound]
'Phys.Foundation.ContinuumQ.sqrt2_fills_gap' depends on axioms: [propext, Classical.choice, Quot.sound]
'Phys.Foundation.Z.ofRe_eq_natCast' depends on axioms: [propext, Quot.sound]
'Phys.Foundation.Z.instArchimedean' depends on axioms: [propext, Classical.choice, Quot.sound]
'Phys.Foundation.Q.instArchimedean' depends on axioms: [propext, Classical.choice, Quot.sound]
'Phys.Foundation.ContinuumQ.addGather' depends on axioms: [propext, Classical.choice, Quot.sound]
'Phys.Foundation.ContinuumQ.negGather' depends on axioms: [propext, Classical.choice, Quot.sound]
'Phys.Foundation.ContinuumQ.approx' depends on axioms: [propext, Classical.choice, Quot.sound]
'Phys.Foundation.ContinuumQ.add_neg_self' depends on axioms: [propext, Classical.choice, Quot.sound]
'Phys.Foundation.ContinuumQ.add_comm'' depends on axioms: [propext, Classical.choice, Quot.sound]
'Phys.Foundation.ContinuumQ.add_assoc'' depends on axioms: [propext, Classical.choice, Quot.sound]
'Phys.Foundation.ContinuumQ.zero_add'' depends on axioms: [propext, Classical.choice, Quot.sound]
'Phys.Foundation.ContinuumQ.addCommGroup' depends on axioms: [propext, Classical.choice, Quot.sound]
'Phys.Foundation.ContinuumQ.linearOrder' depends on axioms: [propext, Classical.choice, Quot.sound]
'Phys.Foundation.ContinuumQ.add_le_add_right'' depends on axioms: [propext, Classical.choice, Quot.sound]
'Phys.Foundation.ContinuumQ.Qcut_add' depends on axioms: [propext, Classical.choice, Quot.sound]
'Phys.Foundation.ContinuumQ.Qcut_strictMono' depends on axioms: [propext, Classical.choice, Quot.sound]
'Phys.Foundation.ContinuumQ.zero_lt_sqrt2' depends on axioms: [propext, Classical.choice, Quot.sound]
'Phys.Foundation.ContinuumQ.mulNonnegGather' depends on axioms: [propext, Classical.choice, Quot.sound]
'Phys.Foundation.ContinuumQ.pmul' depends on axioms: [propext, Classical.choice, Quot.sound]
'Phys.Foundation.ContinuumQ.pmul_comm' depends on axioms: [propext, Classical.choice, Quot.sound]
'Phys.Foundation.ContinuumQ.instMul' depends on axioms: [propext, Classical.choice, Quot.sound]
'Phys.Foundation.ContinuumQ.instOne' depends on axioms: [propext, Classical.choice, Quot.sound]
'Phys.Foundation.ContinuumQ.mul_of_nonneg' depends on axioms: [propext, Classical.choice, Quot.sound]
'Phys.Foundation.ContinuumQ.sqrt2_S_nonneg' depends on axioms: [propext, Classical.choice, Quot.sound]
'Phys.Foundation.ContinuumQ.heron_inv' depends on axioms: [propext, Classical.choice, Quot.sound]
'Phys.Foundation.ContinuumQ.heron_gap' depends on axioms: [propext, Classical.choice, Quot.sound]
'Phys.Foundation.ContinuumQ.sq_dense' depends on axioms: [propext, Classical.choice, Quot.sound]
'Phys.Foundation.ContinuumQ.pmul_sqrt2_sqrt2' depends on axioms: [propext, Classical.choice, Quot.sound]
'Phys.Foundation.ContinuumQ.sqrt2_mul_sqrt2' depends on axioms: [propext, Classical.choice, Quot.sound]
'Phys.Foundation.ContinuumQ.zero_le_pmul' depends on axioms: [propext, Classical.choice, Quot.sound]
'Phys.Foundation.ContinuumQ.pmul_zero' depends on axioms: [propext, Classical.choice, Quot.sound]
'Phys.Foundation.ContinuumQ.pmul_one_cone' depends on axioms: [propext, Classical.choice, Quot.sound]
'Phys.Foundation.ContinuumQ.pmul_assoc_cone' depends on axioms: [propext, Classical.choice, Quot.sound]
'Phys.Foundation.ContinuumQ.pmul_distrib_cone' depends on axioms: [propext, Classical.choice, Quot.sound]
'Phys.Foundation.ContinuumQ.neg_mul' depends on axioms: [propext, Classical.choice, Quot.sound]
'Phys.Foundation.ContinuumQ.mul_neg' depends on axioms: [propext, Classical.choice, Quot.sound]
'Phys.Foundation.ContinuumQ.mul_comm'' depends on axioms: [propext, Classical.choice, Quot.sound]
'Phys.Foundation.ContinuumQ.mul_assoc'' depends on axioms: [propext, Classical.choice, Quot.sound]
'Phys.Foundation.ContinuumQ.left_distrib'' depends on axioms: [propext, Classical.choice, Quot.sound]
'Phys.Foundation.ContinuumQ.right_distrib'' depends on axioms: [propext, Classical.choice, Quot.sound]
'Phys.Foundation.ContinuumQ.commRing' depends on axioms: [propext, Classical.choice, Quot.sound]
'Phys.Foundation.ContinuumQ.zero_ne_one'' depends on axioms: [propext, Classical.choice, Quot.sound]
'Phys.Foundation.ContinuumQ.pinv' depends on axioms: [propext, Classical.choice, Quot.sound]
'Phys.Foundation.ContinuumQ.pinvGather' depends on axioms: [propext, Classical.choice, Quot.sound]
'Phys.Foundation.ContinuumQ.zero_le_pinv' depends on axioms: [propext, Classical.choice, Quot.sound]
'Phys.Foundation.ContinuumQ.mul_approx' depends on axioms: [propext, Classical.choice, Quot.sound]
'Phys.Foundation.ContinuumQ.pmul_pinv_cancel' depends on axioms: [propext, Classical.choice, Quot.sound]
'Phys.Foundation.ContinuumQ.mul_pinv_cancel' depends on axioms: [propext, Classical.choice, Quot.sound]
'Phys.Foundation.ContinuumQ.isField' depends on axioms: [propext, Classical.choice, Quot.sound]
'Phys.Foundation.ContinuumQ.field' depends on axioms: [propext, Classical.choice, Quot.sound]
'Phys.Foundation.ContinuumQ.mul_pos' depends on axioms: [propext, Classical.choice, Quot.sound]
'Phys.Foundation.ContinuumQ.isStrictOrderedRing' depends on axioms: [propext, Classical.choice, Quot.sound]
'Phys.Foundation.ContinuumQ.sqrt2_inv_mul_sqrt2' depends on axioms: [propext, Classical.choice, Quot.sound]
'Phys.Algebra.IsDeriv' depends on axioms: [propext, Quot.sound]
'Phys.Algebra.isDeriv_zero' depends on axioms: [propext, Quot.sound]
'Phys.Algebra.isDeriv_add' depends on axioms: [propext, Quot.sound]
'Phys.Algebra.isDeriv_neg' depends on axioms: [propext, Quot.sound]
'Phys.Algebra.isDeriv_smul' depends on axioms: [propext, Quot.sound]
'Phys.Algebra.isDeriv_bracket' depends on axioms: [propext, Classical.choice, Quot.sound]
'Phys.Algebra.derivation' depends on axioms: [propext, Classical.choice, Quot.sound]
'Phys.Algebra.mem_derivation' depends on axioms: [propext, Classical.choice, Quot.sound]
'Phys.Algebra.deriv_lie_add_left' depends on axioms: [propext, Classical.choice, Quot.sound]
'Phys.Algebra.deriv_lie_add_right' depends on axioms: [propext, Classical.choice, Quot.sound]
'Phys.Algebra.deriv_lie_self' depends on axioms: [propext, Classical.choice, Quot.sound]
'Phys.Algebra.deriv_lie_jacobi' depends on axioms: [propext, Classical.choice, Quot.sound]
'Phys.Algebra.liftEnd' depends on axioms: [propext, Quot.sound]
'Phys.Algebra.liftEnd_apply' depends on axioms: [propext, Quot.sound]
'Phys.Algebra.liftEnd_isDeriv' depends on axioms: [propext, Quot.sound]
'Phys.Algebra.adHom' depends on axioms: [propext, Quot.sound]
'Phys.Algebra.adHom_apply' depends on axioms: [propext, Quot.sound]
'Phys.Algebra.adHom_isDeriv' depends on axioms: [propext, Quot.sound]
'Phys.Algebra.adHom_star_comm' depends on axioms: [propext, Classical.choice, Quot.sound]
'Phys.Algebra.innerDeriv' depends on axioms: [propext, Quot.sound]
'Phys.Algebra.innerDeriv_isDeriv' depends on axioms: [propext, Classical.choice, Quot.sound]
'Phys.Algebra.innerDeriv_apply' depends on axioms: [propext, Quot.sound]
'Phys.Algebra.e2_imag_H' depends on axioms: [propext, Classical.choice, Quot.sound]
'Phys.Algebra.witnessDeriv' depends on axioms: [propext, Classical.choice, Quot.sound]
'Phys.Algebra.witnessDeriv_isDeriv' depends on axioms: [propext, Classical.choice, Quot.sound]
'Phys.Algebra.adHom_e2_iotaJ_ne_zero' depends on axioms: [propext, Classical.choice, Quot.sound]
'Phys.Algebra.witnessDeriv_iotaiotaJ_ne_zero' depends on axioms: [propext, Classical.choice, Quot.sound]
'Phys.Algebra.witnessDeriv_ne_zero' depends on axioms: [propext, Classical.choice, Quot.sound]
'Phys.Algebra.derivation_nontrivial' depends on axioms: [propext, Classical.choice, Quot.sound]
'Phys.Algebra.derivation_ne_bot' depends on axioms: [propext, Classical.choice, Quot.sound]
'Phys.Algebra.deriv_one' depends on axioms: [propext, Quot.sound]
'Phys.Algebra.witnessDeriv_one' depends on axioms: [propext, Classical.choice, Quot.sound]
'Phys.Algebra.instModuleQO' depends on axioms: [propext, Classical.choice, Quot.sound]
'Phys.Algebra.deriv_qsmul' depends on axioms: [propext, Classical.choice, Quot.sound]
'Phys.Algebra.trace_id' depends on axioms: [propext, Classical.choice, Quot.sound]
'Phys.Algebra.deriv_star' depends on axioms: [propext, Classical.choice, Quot.sound]
'Phys.Algebra.deriv_real_zero' depends on axioms: [propext, Classical.choice, Quot.sound]
'Phys.Algebra.selfMul_selfconj' depends on axioms: [propext, Classical.choice, Quot.sound]
'Phys.Algebra.deriv_norm_preserve' depends on axioms: [propext, Classical.choice, Quot.sound]
'Phys.Algebra.deriv_skew_polar' depends on axioms: [propext, Classical.choice, Quot.sound]
'Phys.Algebra.witnessDeriv_skew' depends on axioms: [propext, Classical.choice, Quot.sound]
'Phys.Algebra.deriv_jordan_anticomm' depends on axioms: [propext, Classical.choice, Quot.sound]
'Phys.Algebra.deriv_reflect' depends on axioms: [propext, Classical.choice, Quot.sound]
'Phys.Algebra.deriv_re_smul_zero' depends on axioms: [propext, Classical.choice, Quot.sound]
'Phys.Algebra.deriv_reQ_zero_imag' depends on axioms: [propext, Classical.choice, Quot.sound]
'Phys.Algebra.deriv_reQ_zero' depends on axioms: [propext, Classical.choice, Quot.sound]
'Phys.Algebra.deriv_maps_im' depends on axioms: [propext, Classical.choice, Quot.sound]
'Phys.Algebra.deriv_comm_star' depends on axioms: [propext, Classical.choice, Quot.sound]
'Phys.Algebra.witnessDeriv_reQ_zero' depends on axioms: [propext, Classical.choice, Quot.sound]
'Phys.Algebra.witnessDeriv_maps_im' depends on axioms: [propext, Classical.choice, Quot.sound]
'Phys.Algebra.witnessDeriv_comm_star' depends on axioms: [propext, Classical.choice, Quot.sound]
'Phys.Algebra.dblProdEquiv' depends on axioms: [propext, Classical.choice, Quot.sound]
'Phys.Algebra.cdProdEquiv' depends on axioms: [propext, Classical.choice, Quot.sound]
'Phys.Algebra.instFiniteO' depends on axioms: [propext, Classical.choice, Quot.sound]
'Phys.Algebra.finrank_dbl_eq_two' depends on axioms: [propext, Classical.choice, Quot.sound]
'Phys.Algebra.finrank_H_eq_four' depends on axioms: [propext, Classical.choice, Quot.sound]
'Phys.Algebra.finrank_O_eq_eight' depends on axioms: [propext, Classical.choice, Quot.sound]
'Phys.Algebra.finrank_End_eq_64' depends on axioms: [propext, Classical.choice, Quot.sound]
'Phys.Algebra.qsmul_mul_left' depends on axioms: [propext, Classical.choice, Quot.sound]
'Phys.Algebra.qsmul_mul_right' depends on axioms: [propext, Classical.choice, Quot.sound]
'Phys.Algebra.derivationQ' depends on axioms: [propext, Classical.choice, Quot.sound]
'Phys.Algebra.finrank_derivationQ_le' depends on axioms: [propext, Classical.choice, Quot.sound]
'Phys.Algebra.toEndQ' depends on axioms: [propext, Classical.choice, Quot.sound]
'Phys.Algebra.toEndQ_isDerivQ' depends on axioms: [propext, Classical.choice, Quot.sound]
'Phys.Algebra.toEndQ_mem' depends on axioms: [propext, Classical.choice, Quot.sound]
'Phys.Algebra.witnessDerivQ_isDerivQ' depends on axioms: [propext, Classical.choice, Quot.sound]
'Phys.Algebra.witnessDerivQ_mem' depends on axioms: [propext, Classical.choice, Quot.sound]
'Phys.Algebra.witnessDerivQ_ne_zero' depends on axioms: [propext, Classical.choice, Quot.sound]
'Phys.Algebra.derivationQ_ne_bot' depends on axioms: [propext, Classical.choice, Quot.sound]
'Phys.Algebra.finrank_derivationQ_pos' depends on axioms: [propext, Classical.choice, Quot.sound]
'Phys.Algebra.D0E_isDerivQ' depends on axioms: [propext, Classical.choice, Quot.sound]
'Phys.Algebra.D7E_isDerivQ' depends on axioms: [propext, Classical.choice, Quot.sound]
'Phys.Algebra.D13E_isDerivQ' depends on axioms: [propext, Classical.choice, Quot.sound]
'Phys.Algebra.Dvec_linearIndependent' depends on axioms: [propext, Classical.choice, Quot.sound]
'Phys.Algebra.Dvec_mem' depends on axioms: [propext, Classical.choice, Quot.sound]
'Phys.Algebra.finrank_derivationQ_ge_14' depends on axioms: [propext, Classical.choice, Quot.sound]
'Phys.Algebra.determined' depends on axioms: [propext, Classical.choice, Quot.sound]
'Phys.Algebra.cut_e1_c1' depends on axioms: [propext, Classical.choice, Quot.sound]
'Phys.Algebra.cut_e34_c0' depends on axioms: [propext, Classical.choice, Quot.sound]
'Phys.Algebra.coordMapR_injective' depends on axioms: [propext, Classical.choice, Quot.sound]
'Phys.Algebra.finrank_derivationQ_le_14' depends on axioms: [propext, Classical.choice, Quot.sound]
'Phys.Algebra.finrank_derivationQ_eq_14' depends on axioms: [propext, Classical.choice, Quot.sound]
'Phys.Algebra.isDerivQ_bracket' depends on axioms: [propext, Classical.choice, Quot.sound]
'Phys.Algebra.derivationLieQ' depends on axioms: [propext, Classical.choice, Quot.sound]
'Phys.Algebra.derivLieQ_jacobi' depends on axioms: [propext, Classical.choice, Quot.sound]
'Phys.Algebra.Dsub_indep' depends on axioms: [propext, Classical.choice, Quot.sound]
'Phys.Algebra.derivBasis' depends on axioms: [propext, Classical.choice, Quot.sound]
'Phys.Algebra.br_0_1' depends on axioms: [propext, Classical.choice, Quot.sound]
'Phys.Algebra.br_0_4' depends on axioms: [propext, Classical.choice, Quot.sound]
'Phys.Algebra.br_4_7' depends on axioms: [propext, Classical.choice, Quot.sound]
'Phys.Algebra.br_12_13' depends on axioms: [propext, Classical.choice, Quot.sound]
'Phys.Algebra.finrank_ImO' depends on axioms: [propext, Classical.choice, Quot.sound]
'Phys.Algebra.imRep' depends on axioms: [propext, Classical.choice, Quot.sound]
'Phys.Algebra.imRep_injective' depends on axioms: [propext, Classical.choice, Quot.sound]
'Phys.Algebra.imRep_witness_ne_zero' depends on axioms: [propext, Classical.choice, Quot.sound]
'Phys.Algebra.derivLieQ_mapsTo' depends on axioms: [propext, Classical.choice, Quot.sound]
'Phys.Algebra.bL_span_top' depends on axioms: [propext, Classical.choice, Quot.sound]
'Phys.Algebra.bL_mem_derived' depends on axioms: [propext, Classical.choice, Quot.sound]
'Phys.Algebra.derivationLieQ_perfect' depends on axioms: [propext, Classical.choice, Quot.sound]
'Phys.Algebra.derivationLieQ_top_ne_bot' depends on axioms: [propext, Classical.choice, Quot.sound]
'Phys.Algebra.derivationLieQ_not_solvable' depends on axioms: [propext, Classical.choice, Quot.sound]
'Phys.Algebra.derivationLieQ_not_lieAbelian' depends on axioms: [propext, Classical.choice, Quot.sound]
'Phys.Algebra.gFormQ_skew' depends on axioms: [propext, Classical.choice, Quot.sound]
'Phys.Algebra.traceForm_apply_neg' depends on axioms: [propext, Classical.choice, Quot.sound]
'Phys.Algebra.traceForm_self_nonpos' depends on axioms: [propext, Classical.choice, Quot.sound]
'Phys.Algebra.traceForm_self_eq_zero' depends on axioms: [propext, Classical.choice, Quot.sound]
'Phys.Algebra.traceForm_nondegenerate' depends on axioms: [propext, Classical.choice, Quot.sound]
'Phys.Algebra.traceForm_witness_neg' depends on axioms: [propext, Classical.choice, Quot.sound]
'Phys.Algebra.traceForm_self_eq_zero'' depends on axioms: [propext, Classical.choice, Quot.sound]
'Phys.Algebra.derivationLieQ_center_eq_bot' depends on axioms: [propext, Classical.choice, Quot.sound]
'Phys.Algebra.derivationLieQ_no_abelian_atom' depends on axioms: [propext, Classical.choice, Quot.sound]
'Phys.Algebra.derivationLieQ_semisimple' depends on axioms: [propext, Classical.choice, Quot.sound]
'Phys.Algebra.ImLie' depends on axioms: [propext, Classical.choice, Quot.sound]
'Phys.Algebra.finrank_ImLie' depends on axioms: [propext, Classical.choice, Quot.sound]
'Phys.Algebra.gBil' depends on axioms: [propext, Classical.choice, Quot.sound]
'Phys.Algebra.deriv_isSkewAdjoint_gBil' depends on axioms: [propext, Classical.choice, Quot.sound]
'Phys.Algebra.derivationLieQ_le_skewAdjoint' depends on axioms: [propext, Classical.choice, Quot.sound]
'Phys.Algebra.gBil_separatingLeft' depends on axioms: [propext, Classical.choice, Quot.sound]
'Phys.Algebra.isSimple_of_isSimpleOrder' depends on axioms: [propext, Classical.choice, Quot.sound]
'Phys.Algebra.gBil_isSymm' depends on axioms: [propext, Classical.choice, Quot.sound]
'Phys.Algebra.gBil_restrict_nondegenerate' depends on axioms: [propext, Classical.choice, Quot.sound]
'Phys.Algebra.isCompl_gBil_orthogonal' depends on axioms: [propext, Classical.choice, Quot.sound]
'Phys.Algebra.deriv_mapsTo_orthogonal' depends on axioms: [propext, Classical.choice, Quot.sound]
'Phys.Algebra.gPerp' depends on axioms: [propext, Classical.choice, Quot.sound]
'Phys.Algebra.isCompl_gPerp' depends on axioms: [propext, Classical.choice, Quot.sound]
'Phys.Algebra.deriv_eigenvalue_zero' depends on axioms: [propext, Classical.choice, Quot.sound]
'Phys.Algebra.no_common_eigenvector_ImO' depends on axioms: [propext, Classical.choice, Quot.sound]
'Phys.Algebra.no_one_dim_invariant_ImO' depends on axioms: [propext, Classical.choice, Quot.sound]
'Phys.Algebra.bml_zero_diag' depends on axioms: [propext, Classical.choice, Quot.sound]
'Phys.Algebra.skewToDual_injective' depends on axioms: [propext, Classical.choice, Quot.sound]
'Phys.Algebra.finrank_skewAdjoint_le_choose' depends on axioms: [propext, Classical.choice, Quot.sound]
'Phys.Algebra.restrictOp_skew' depends on axioms: [propext, Classical.choice, Quot.sound]
'Phys.Algebra.restrictToSkew' depends on axioms: [propext, Classical.choice, Quot.sound]
'Phys.Algebra.finrank_restrictSkew_le' depends on axioms: [propext, Classical.choice, Quot.sound]
'Phys.Algebra.no_proper_invariant_ImO' depends on axioms: [propext, Classical.choice, Quot.sound]
'Phys.Algebra.map_incl_le_ImO' depends on axioms: [propext, Classical.choice, Quot.sound]
'Phys.Algebra.finrank_map_incl' depends on axioms: [propext, Classical.choice, Quot.sound]
'Phys.Algebra.ImLie_isIrreducible' depends on axioms: [propext, Classical.choice, Quot.sound]
'Phys.Algebra.lieIdeal_nontrivial' depends on axioms: [propext, Classical.choice, Quot.sound]
'Phys.Algebra.eq_bot_of_lie_ImLie_bot' depends on axioms: [propext, Classical.choice, Quot.sound]
'Phys.Algebra.lie_ImLie_ne_bot_of_ne_bot' depends on axioms: [propext, Classical.choice, Quot.sound]
'Phys.Algebra.exists_atom_ne_top' depends on axioms: [propext, Classical.choice, Quot.sound]
'Phys.Algebra.atom_compl_decomp' depends on axioms: [propext, Classical.choice, Quot.sound]
'Phys.Algebra.imRep_commute_of_lie_zero' depends on axioms: [propext, Classical.choice, Quot.sound]
'Phys.Algebra.atom_isPerfect' depends on axioms: [propext, Classical.choice, Quot.sound]
'Phys.Algebra.atom_center_eq_bot' depends on axioms: [propext, Classical.choice, Quot.sound]
'Phys.Algebra.skewAdjoint_mapsTo_orthogonal' depends on axioms: [propext, Classical.choice, Quot.sound]
'Phys.Algebra.adjoin_stable_orthogonal' depends on axioms: [propext, Classical.choice, Quot.sound]
'Phys.Algebra.isCompl_of_restrictScalars' depends on axioms: [propext, Classical.choice, Quot.sound]
'Phys.Algebra.orthogonalASubmodule' depends on axioms: [propext, Classical.choice, Quot.sound]
'Phys.Algebra.isSemisimpleModule_adjoin' depends on axioms: [propext, Classical.choice, Quot.sound]
'Phys.Algebra.imRep_isSkewAdjoint_gImO' depends on axioms: [propext, Classical.choice, Quot.sound]
'Phys.Algebra.gImO_restrict_nondegenerate' depends on axioms: [propext, Classical.choice, Quot.sound]
'Phys.Algebra.semisimpleModule_imRep_adjoin' depends on axioms: [propext, Classical.choice, Quot.sound]
'Phys.Algebra.Collapse.commutantHom' depends on axioms: [propext, Classical.choice, Quot.sound]
'Phys.Algebra.Collapse.skew_odd_det_zero' depends on axioms: [propext, Classical.choice, Quot.sound]
'Phys.Algebra.Collapse.finrank_of_linearEquiv_fun' depends on axioms: [propext, Classical.choice, Quot.sound]
'Phys.Algebra.Collapse.isotypic_prime_split' depends on axioms: [propext, Classical.choice, Quot.sound]
'Phys.Algebra.Collapse.prime_split_dichotomy' depends on axioms: [propext, Classical.choice, Quot.sound]
'Phys.Algebra.collapse_Winv' depends on axioms: [propext, Classical.choice, Quot.sound]
'Phys.Algebra.collapse_dich' depends on axioms: [propext, Classical.choice, Quot.sound]
'Phys.Algebra.collapse_scalar_branch' depends on axioms: [propext, Classical.choice, Quot.sound]
'Phys.Algebra.gBil_ImO_nondegenerate' depends on axioms: [propext, Classical.choice, Quot.sound]
'Phys.Algebra.collapse_schur_branch' depends on axioms: [propext, Classical.choice, Quot.sound]
'Phys.Algebra.derivationLieQ_isSimpleOrder' depends on axioms: [propext, Classical.choice, Quot.sound]
'Phys.Algebra.derivationLieQ_isSimple' depends on axioms: [propext, Classical.choice, Quot.sound]
'Phys.Algebra.octo_quadratic' depends on axioms: [propext, Classical.choice, Quot.sound]
'Phys.Algebra.selfMul_eq_smul' depends on axioms: [propext, Classical.choice, Quot.sound]
'Phys.Algebra.aut_quad_diff' depends on axioms: [propext, Classical.choice, Quot.sound]
'Phys.Algebra.aut_reQ' depends on axioms: [propext, Classical.choice, Quot.sound]
'Phys.Algebra.aut_star' depends on axioms: [propext, Classical.choice, Quot.sound]
'Phys.Algebra.aut_gForm' depends on axioms: [propext, Classical.choice, Quot.sound]
'Phys.Algebra.aut_mapsTo_ImO' depends on axioms: [propext, Classical.choice, Quot.sound]
'Phys.Algebra.aut_map_one' depends on axioms: [propext, Classical.choice, Quot.sound]
'Phys.Algebra.isAlgAut_one' depends on axioms: [propext, Classical.choice, Quot.sound]
'Phys.Algebra.isAlgAut_mul' depends on axioms: [propext, Classical.choice, Quot.sound]
'Phys.Algebra.isAlgAut_inv' depends on axioms: [propext, Classical.choice, Quot.sound]
'Phys.Algebra.AutO' depends on axioms: [propext, Classical.choice, Quot.sound]
'Phys.Algebra.one_mem_AutO' depends on axioms: [propext, Classical.choice, Quot.sound]
'Phys.Algebra.AutO_reQ' depends on axioms: [propext, Classical.choice, Quot.sound]
'Phys.Algebra.AutO_star' depends on axioms: [propext, Classical.choice, Quot.sound]
'Phys.Algebra.AutO_gForm' depends on axioms: [propext, Classical.choice, Quot.sound]
'Phys.Algebra.AutO_mapsTo_ImO' depends on axioms: [propext, Classical.choice, Quot.sound]
'Phys.Algebra.gForm_add_right' depends on axioms: [propext, Classical.choice, Quot.sound]
'Phys.Algebra.gForm_smul_right' depends on axioms: [propext, Classical.choice, Quot.sound]
'Phys.Algebra.gForm_add_left' depends on axioms: [propext, Classical.choice, Quot.sound]
'Phys.Algebra.gForm_smul_left' depends on axioms: [propext, Classical.choice, Quot.sound]
'Phys.Algebra.gForm_polar' depends on axioms: [propext, Classical.choice, Quot.sound]
'Phys.Algebra.coordO_bO' depends on axioms: [propext, Classical.choice, Quot.sound]
'Phys.Algebra.gForm_orthonormal' depends on axioms: [propext, Classical.choice, Quot.sound]
'Phys.Algebra.aut_col_unit' depends on axioms: [propext, Classical.choice, Quot.sound]
'Phys.Algebra.aut_col_orthogonal' depends on axioms: [propext, Classical.choice, Quot.sound]
'Phys.Algebra.aut_entry_sq_le_one' depends on axioms: [propext, Classical.choice, Quot.sound]
'Phys.Algebra.aut_entry_abs_le_one' depends on axioms: [propext, Classical.choice, Quot.sound]
'Phys.Algebra.AutO_col_unit' depends on axioms: [propext, Classical.choice, Quot.sound]
'Phys.Algebra.AutO_col_orthogonal' depends on axioms: [propext, Classical.choice, Quot.sound]
'Phys.Algebra.AutO_entry_abs_le_one' depends on axioms: [propext, Classical.choice, Quot.sound]
'Phys.Algebra.one_col_unit' depends on axioms: [propext, Classical.choice, Quot.sound]
'Phys.Foundation.ContinuumQ.sSupCutS' depends on axioms: [propext, Classical.choice, Quot.sound]
'Phys.Foundation.ContinuumQ.sSupCutGather' depends on axioms: [propext, Classical.choice, Quot.sound]
'Phys.Foundation.ContinuumQ.csSupCut' depends on axioms: [propext, Classical.choice, Quot.sound]
'Phys.Foundation.ContinuumQ.csSupCut_eq' depends on axioms: [propext, Classical.choice, Quot.sound]
'Phys.Foundation.ContinuumQ.csSupCut_eq_zero' depends on axioms: [propext, Classical.choice, Quot.sound]
'Phys.Foundation.ContinuumQ.isLUB_csSupCut' depends on axioms: [propext, Classical.choice, Quot.sound]
'Phys.Foundation.ContinuumQ.not_bddAbove_univ' depends on axioms: [propext, Classical.choice, Quot.sound]
'Phys.Foundation.ContinuumQ.condCompleteLinearOrder' depends on axioms: [propext, Classical.choice, Quot.sound]
'Phys.Algebra.one_entry_diag' depends on axioms: [propext, Classical.choice, Quot.sound]
'Phys.Foundation.ContinuumQ.isCompact_Icc_cut' depends on axioms: [propext, Classical.choice, Quot.sound]
'Phys.Foundation.ContinuumQ.isCompact_box' depends on axioms: [propext, Classical.choice, Quot.sound]
'Phys.Foundation.ContinuumQ.t2Space_cut' depends on axioms: [propext, Classical.choice, Quot.sound]
'Phys.Foundation.ContinuumQ.isTopologicalRing_cut' depends on axioms: [propext, Classical.choice, Quot.sound]
'Phys.Foundation.ContinuumQ.compactIccSpace_cut' depends on axioms: [propext, Classical.choice, Quot.sound]
'Phys.Algebra.entry_continuous' depends on axioms: [propext, Classical.choice, Quot.sound]
'Phys.Algebra.colBilin_continuous' depends on axioms: [propext, Classical.choice, Quot.sound]
'Phys.Algebra.bornIsometry_isClosed' depends on axioms: [propext, Classical.choice, Quot.sound]
'Phys.Algebra.matBox_isCompact' depends on axioms: [propext, Classical.choice, Quot.sound]
'Phys.Algebra.bornIsometry_subset_box' depends on axioms: [propext, Classical.choice, Quot.sound]
'Phys.Algebra.bornIsometry_isCompact' depends on axioms: [propext, Classical.choice, Quot.sound]
'Phys.Algebra.autMatrix_mem_bornIsometry' depends on axioms: [propext, Classical.choice, Quot.sound]
'Phys.Algebra.one_autMatrix_mem_bornIsometry' depends on axioms: [propext, Classical.choice, Quot.sound]
'Phys.Foundation.ContinuumQ.instArchimedeanCut' depends on axioms: [propext, Classical.choice, Quot.sound]
'Phys.Foundation.ContinuumQ.cut_exists_nat_gt' depends on axioms: [propext, Classical.choice, Quot.sound]
'Phys.Foundation.ContinuumQ.cut_tendsto_atTop_ciSup' depends on axioms: [propext, Classical.choice, Quot.sound]
'Phys.Foundation.ContinuumQ.cut_tendsto_atTop_ciInf' depends on axioms: [propext, Classical.choice, Quot.sound]
'Phys.Foundation.ContinuumQ.cut_tendsto_atTop_isLUB' depends on axioms: [propext, Classical.choice, Quot.sound]
'Phys.Foundation.ContinuumQ.cut_one_lt_two_nat' depends on axioms: [propext, Classical.choice, Quot.sound]
'Phys.Foundation.ContinuumQ.cut_const_tendsto' depends on axioms: [propext, Classical.choice, Quot.sound]
'Phys.Foundation.ContinuumQ.instUniformSpaceCut' depends on axioms: [propext, Classical.choice, Quot.sound]
'Phys.Foundation.ContinuumQ.cut_uniformSpace_toTopologicalSpace_eq' depends on axioms: [propext,
 Classical.choice,
 Quot.sound]
'Phys.Foundation.ContinuumQ.instIsUniformAddGroupCut' depends on axioms: [propext, Classical.choice, Quot.sound]
'Phys.Foundation.ContinuumQ.cut_uniformity_eq' depends on axioms: [propext, Classical.choice, Quot.sound]
'Phys.Foundation.ContinuumQ.cut_tsum_statable' depends on axioms: [propext, Classical.choice, Quot.sound]
'Phys.Foundation.ContinuumQ.cut_const_cauchySeq' depends on axioms: [propext, Classical.choice, Quot.sound]
'Phys.Foundation.ContinuumQ.cut_nhds_zero_countablyGenerated' depends on axioms: [propext, Classical.choice, Quot.sound]
'Phys.Foundation.ContinuumQ.cut_uniformity_countablyGenerated' depends on axioms: [propext,
 Classical.choice,
 Quot.sound]
'Phys.Foundation.ContinuumQ.cut_uniformity_hasBasis_abs' depends on axioms: [propext, Classical.choice, Quot.sound]
'Phys.Foundation.ContinuumQ.cauchySeq_bddAbove_range' depends on axioms: [propext, Classical.choice, Quot.sound]
'Phys.Foundation.ContinuumQ.cauchySeq_bddBelow_range' depends on axioms: [propext, Classical.choice, Quot.sound]
'Phys.Foundation.ContinuumQ.instCompleteSpaceCut' depends on axioms: [propext, Classical.choice, Quot.sound]
'Phys.Foundation.ContinuumQ.cut_const_tendsto_complete' depends on axioms: [propext, Classical.choice, Quot.sound]
'Phys.Foundation.ContinuumQ.cut_cauchySeq_const_converges' depends on axioms: [propext, Classical.choice, Quot.sound]
'Phys.Algebra.opNorm_nonneg' depends on axioms: [propext, Classical.choice, Quot.sound]
'Phys.Algebra.opNorm_zero' depends on axioms: [propext, Classical.choice, Quot.sound]
'Phys.Algebra.opNorm_eq_zero' depends on axioms: [propext, Classical.choice, Quot.sound]
'Phys.Algebra.entry_abs_le_opNorm' depends on axioms: [propext, Classical.choice, Quot.sound]
'Phys.Algebra.opNorm_add_le' depends on axioms: [propext, Classical.choice, Quot.sound]
'Phys.Algebra.opNorm_smul' depends on axioms: [propext, Classical.choice, Quot.sound]
'Phys.Algebra.opNorm_mul_le' depends on axioms: [propext, Classical.choice, Quot.sound]
'Phys.Algebra.opNorm_pow_le' depends on axioms: [propext, Classical.choice, Quot.sound]
'Phys.Algebra.opNorm_autMatrix_le' depends on axioms: [propext, Classical.choice, Quot.sound]
'Phys.Algebra.opNorm_one' depends on axioms: [propext, Classical.choice, Quot.sound]
'Phys.Foundation.ContinuumQ.cut_summable_of_nonneg_of_bddAbove' depends on axioms: [propext,
 Classical.choice,
 Quot.sound]
'Phys.Foundation.ContinuumQ.cut_summable_of_nonneg_of_le' depends on axioms: [propext, Classical.choice, Quot.sound]
'Phys.Foundation.ContinuumQ.cut_summable_of_abs' depends on axioms: [propext, Classical.choice, Quot.sound]
'Phys.Foundation.ContinuumQ.cut_geom_telescope' depends on axioms: [propext, Classical.choice, Quot.sound]
'Phys.Foundation.ContinuumQ.cut_summable_geometric' depends on axioms: [propext, Classical.choice, Quot.sound]
'Phys.Foundation.ContinuumQ.cut_summable_pow_div_factorial' depends on axioms: [propext, Classical.choice, Quot.sound]
'Phys.Foundation.ContinuumQ.cut_summable_one_div_factorial' depends on axioms: [propext, Classical.choice, Quot.sound]
'Phys.Algebra.matrix_summable_of_entrywise' depends on axioms: [propext, Classical.choice, Quot.sound]
'Phys.Algebra.expTerm_entry_abs_le' depends on axioms: [propext, Classical.choice, Quot.sound]
'Phys.Algebra.expTerm_summable' depends on axioms: [propext, Classical.choice, Quot.sound]
'Phys.Algebra.expTerm_summable_one' depends on axioms: [propext, Classical.choice, Quot.sound]
'Phys.Foundation.ContinuumQ.cut_summable_of_nonneg_of_bddAbove'' depends on axioms: [propext,
 Classical.choice,
 Quot.sound]
'Phys.Foundation.ContinuumQ.cut_summable_of_nonneg_of_le'' depends on axioms: [propext, Classical.choice, Quot.sound]
'Phys.Foundation.ContinuumQ.cut_summable_of_abs'' depends on axioms: [propext, Classical.choice, Quot.sound]
'Phys.Foundation.ContinuumQ.cut_summable_prod_of_nonneg' depends on axioms: [propext, Classical.choice, Quot.sound]
'Phys.Foundation.ContinuumQ.cut_summable_mul_of_abs' depends on axioms: [propext, Classical.choice, Quot.sound]
'Phys.Algebra.expMap_hasSum' depends on axioms: [propext, Classical.choice, Quot.sound]
'Phys.Algebra.expMap_zero' depends on axioms: [propext, Classical.choice, Quot.sound]
'Phys.Algebra.matrix_summable_prod_of_entrywise' depends on axioms: [propext, Classical.choice, Quot.sound]
'Phys.Algebra.expTerm_entry_abs_summable' depends on axioms: [propext, Classical.choice, Quot.sound]
'Phys.Algebra.matrix_prod_summable' depends on axioms: [propext, Classical.choice, Quot.sound]
'Phys.Algebra.expTerm_antidiagonal' depends on axioms: [propext, Classical.choice, Quot.sound]
'Phys.Algebra.expMap_mul_of_commute' depends on axioms: [propext, Classical.choice, Quot.sound]
'Phys.Algebra.expMap_mul_neg' depends on axioms: [propext, Classical.choice, Quot.sound]
'Phys.Algebra.expMap_neg_mul' depends on axioms: [propext, Classical.choice, Quot.sound]
'Phys.Algebra.expMap_one_mul_neg' depends on axioms: [propext, Classical.choice, Quot.sound]
'Phys.Algebra.expMap_one_mul_one' depends on axioms: [propext, Classical.choice, Quot.sound]
'Phys.Algebra.pascal_smul_sum' depends on axioms: [propext, Classical.choice, Quot.sound]
'Phys.Algebra.dpow_succ_apply' depends on axioms: [propext, Quot.sound]
'Phys.Algebra.dterm_split' depends on axioms: [propext, Quot.sound]
'Phys.Algebra.iter_leibniz_range' depends on axioms: [propext, Classical.choice, Quot.sound]
'Phys.Algebra.iter_leibniz_antidiag' depends on axioms: [propext, Classical.choice, Quot.sound]
'Phys.Algebra.iter_leibniz_two' depends on axioms: [propext, Classical.choice, Quot.sound]
'Phys.Cascade.Dbl.toProd_injective' depends on axioms: [propext]
'Phys.Cascade.Dbl.instUniformSpace' depends on axioms: [propext, Classical.choice, Quot.sound]
'Phys.Cascade.Dbl.topology_eq_induced' depends on axioms: [propext, Classical.choice, Quot.sound]
'Phys.Cascade.Dbl.isUniformInducing_toProd' depends on axioms: [propext, Classical.choice, Quot.sound]
'Phys.Cascade.Dbl.continuous_mk' depends on axioms: [propext, Classical.choice, Quot.sound]
'Phys.Cascade.Dbl.instCompleteSpace' depends on axioms: [propext, Classical.choice, Quot.sound]
'Phys.Cascade.Dbl.instT2Space' depends on axioms: [propext, Classical.choice, Quot.sound]
'Phys.Cascade.Dbl.instT3Space' depends on axioms: [propext, Classical.choice, Quot.sound]
'Phys.Cascade.Dbl.instContinuousAdd' depends on axioms: [propext, Classical.choice, Quot.sound]
'Phys.Cascade.Dbl.instContinuousNeg' depends on axioms: [propext, Classical.choice, Quot.sound]
'Phys.Cascade.Dbl.instContinuousStar' depends on axioms: [propext, Classical.choice, Quot.sound]
'Phys.Cascade.Dbl.instContinuousMul' depends on axioms: [propext, Classical.choice, Quot.sound]
'Phys.Cascade.Dbl.instContinuousSMul' depends on axioms: [propext, Classical.choice, Quot.sound]
'Phys.Cascade.CD.toProd_injective' depends on axioms: [propext]
'Phys.Cascade.CD.instUniformSpace' depends on axioms: [propext, Classical.choice, Quot.sound]
'Phys.Cascade.CD.topology_eq_induced' depends on axioms: [propext, Classical.choice, Quot.sound]
'Phys.Cascade.CD.isUniformInducing_toProd' depends on axioms: [propext, Classical.choice, Quot.sound]
'Phys.Cascade.CD.continuous_mk' depends on axioms: [propext, Classical.choice, Quot.sound]
'Phys.Cascade.CD.instCompleteSpace' depends on axioms: [propext, Classical.choice, Quot.sound]
'Phys.Cascade.CD.instT2Space' depends on axioms: [propext, Classical.choice, Quot.sound]
'Phys.Cascade.CD.instT3Space' depends on axioms: [propext, Classical.choice, Quot.sound]
'Phys.Cascade.CD.instContinuousAdd' depends on axioms: [propext, Classical.choice, Quot.sound]
'Phys.Cascade.CD.instContinuousNeg' depends on axioms: [propext, Classical.choice, Quot.sound]
'Phys.Cascade.CD.instContinuousStar' depends on axioms: [propext, Classical.choice, Quot.sound]
'Phys.Cascade.CD.instContinuousMul' depends on axioms: [propext, Classical.choice, Quot.sound]
'Phys.Cascade.CD.instSMul' does not depend on any axioms
'Phys.Cascade.CD.instContinuousSMul' depends on axioms: [propext, Classical.choice, Quot.sound]
'Phys.Cascade.instIsTopologicalSemiring' depends on axioms: [propext, Classical.choice, Quot.sound]
'Phys.Cascade.oCut_t2Space' depends on axioms: [propext, Classical.choice, Quot.sound]
'Phys.Cascade.oCut_t3Space' depends on axioms: [propext, Classical.choice, Quot.sound]
'Phys.Cascade.oCut_completeSpace' depends on axioms: [propext, Classical.choice, Quot.sound]
'Phys.Cascade.oCut_continuousAdd' depends on axioms: [propext, Classical.choice, Quot.sound]
'Phys.Cascade.oCut_continuousMul' depends on axioms: [propext, Classical.choice, Quot.sound]
'Phys.Cascade.oCut_continuousStar' depends on axioms: [propext, Classical.choice, Quot.sound]
'Phys.Cascade.oCut_continuousSMul' depends on axioms: [propext, Classical.choice, Quot.sound]
'Phys.Cascade.oCut_isTopologicalSemiring' depends on axioms: [propext, Classical.choice, Quot.sound]
'Phys.Cascade.oCut_t2_nonvacuous' depends on axioms: [propext, Classical.choice, Quot.sound]
'Phys.Cascade.oCut_isEmbedding' depends on axioms: [propext, Classical.choice, Quot.sound]
'Phys.Algebra.SmulCompat' does not depend on any axioms
'Phys.Algebra.smulCompat_cd' does not depend on any axioms
'Phys.Algebra.smulCompat_dbl_cut' depends on axioms: [propext, Classical.choice, Quot.sound]
'Phys.Algebra.smulCompat_oCut' depends on axioms: [propext, Classical.choice, Quot.sound]
'Phys.Algebra.dblModuleCut' depends on axioms: [propext, Classical.choice, Quot.sound]
'Phys.Algebra.cdModuleCut' depends on axioms: [propext, Classical.choice, Quot.sound]
'Phys.Algebra.instModuleCutH' depends on axioms: [propext, Classical.choice, Quot.sound]
'Phys.Algebra.instModuleCutO' depends on axioms: [propext, Classical.choice, Quot.sound]
'Phys.Algebra.expO' depends on axioms: [propext, Classical.choice, Quot.sound]
'Phys.Algebra.expO_zero' depends on axioms: [propext, Classical.choice, Quot.sound]
'Phys.Algebra.expO_term_antidiag' depends on axioms: [propext, Classical.choice, Quot.sound]
'Phys.Algebra.expO_mul_of_summable' depends on axioms: [propext, Classical.choice, Quot.sound]
'Phys.Algebra.expO_term_antidiag_one' depends on axioms: [propext, Classical.choice, Quot.sound]
'Phys.Algebra.isDeriv_witness_exists' depends on axioms: [propext, Classical.choice, Quot.sound]
'Phys.Algebra.coordOCut' depends on axioms: [propext, Classical.choice, Quot.sound]
'Phys.Algebra.coordOCut_continuous' depends on axioms: [propext, Classical.choice, Quot.sound]
'Phys.Algebra.coordOCut_symm_continuous' depends on axioms: [propext, Classical.choice, Quot.sound]
'Phys.Algebra.derivMatrix' depends on axioms: [propext, Classical.choice, Quot.sound]
'Phys.Algebra.expO_matrix_rep' depends on axioms: [propext, Classical.choice, Quot.sound]
'Phys.Algebra.expO_term_coord' depends on axioms: [propext, Classical.choice, Quot.sound]
'Phys.Algebra.mulVecHom' depends on axioms: [propext, Classical.choice, Quot.sound]
'Phys.Algebra.mulVecHom_continuous' depends on axioms: [propext, Classical.choice, Quot.sound]
'Phys.Algebra.expO_summable' depends on axioms: [propext, Classical.choice, Quot.sound]
'Phys.Algebra.expO_summable_restrict' depends on axioms: [propext, Classical.choice, Quot.sound]
'Phys.Algebra.expO_summable_one' depends on axioms: [propext, Classical.choice, Quot.sound]
'Phys.Algebra.oCut_term_abs_summable' depends on axioms: [propext, Classical.choice, Quot.sound]
'Phys.Algebra.restrictScalars_pow_apply' depends on axioms: [propext, Classical.choice, Quot.sound]
'Phys.Algebra.oCut_prod_leaf' depends on axioms: [propext, Classical.choice, Quot.sound]
'Phys.Algebra.oCut_prod_summable' depends on axioms: [propext, Classical.choice, Quot.sound]
'Phys.Algebra.expO_mul' depends on axioms: [propext, Classical.choice, Quot.sound]
'Phys.Algebra.expO_mul_zero' depends on axioms: [propext, Classical.choice, Quot.sound]
'Phys.Algebra.coordOCut_expO' depends on axioms: [propext, Classical.choice, Quot.sound]
'Phys.Algebra.derivMatrix_neg' depends on axioms: [propext, Classical.choice, Quot.sound]
'Phys.Algebra.expOLin_apply' depends on axioms: [propext, Classical.choice, Quot.sound]
'Phys.Algebra.expOLin_comp_neg' depends on axioms: [propext, Classical.choice, Quot.sound]
'Phys.Algebra.expOLin_neg_comp' depends on axioms: [propext, Classical.choice, Quot.sound]
'Phys.Algebra.expOEquiv_apply' depends on axioms: [propext, Classical.choice, Quot.sound]
'Phys.Algebra.expOEquiv_symm_apply' depends on axioms: [propext, Classical.choice, Quot.sound]
'Phys.Algebra.deriv_one_eq_zero' depends on axioms: [propext, Classical.choice, Quot.sound]
'Phys.Algebra.expO_one' depends on axioms: [propext, Classical.choice, Quot.sound]
'Phys.Algebra.expOEquiv_isAlgAut' depends on axioms: [propext, Classical.choice, Quot.sound]
'Phys.Algebra.expOEquiv_zero_isAlgAut' depends on axioms: [propext, Classical.choice, Quot.sound]
'Phys.Algebra.expOEquiv_zero_symm_one' depends on axioms: [propext, Classical.choice, Quot.sound]
'Phys.Foundation.ContinuumQ.cut_tendsto_zero_of_abs_le' depends on axioms: [propext, Classical.choice, Quot.sound]
'Phys.Foundation.ContinuumQ.cut_abs_tsum_le' depends on axioms: [propext, Classical.choice, Quot.sound]
'Phys.Foundation.ContinuumQ.cut_geomdom_abssummable' depends on axioms: [propext, Classical.choice, Quot.sound]
'Phys.Foundation.ContinuumQ.cut_geomdom_tsum_le' depends on axioms: [propext, Classical.choice, Quot.sound]
'Phys.Foundation.ContinuumQ.cut_powerseries_deriv' depends on axioms: [propext, Classical.choice, Quot.sound]
'Phys.Algebra.derivMatrix_smul' depends on axioms: [propext, Classical.choice, Quot.sound]
'Phys.Algebra.expMap_smul_entry' depends on axioms: [propext, Classical.choice, Quot.sound]
'Phys.Algebra.expMap_entry_tangent' depends on axioms: [propext, Classical.choice, Quot.sound]
'Phys.Algebra.expMap_vec_tangent' depends on axioms: [propext, Classical.choice, Quot.sound]
'Phys.Algebra.expO_tangent' depends on axioms: [propext, Classical.choice, Quot.sound]
'Phys.Algebra.expO_tangent_zero' depends on axioms: [propext, Classical.choice, Quot.sound]
'Phys.Algebra.complexUnit_sq' depends on axioms: [propext, Classical.choice, Quot.sound]
'Phys.Algebra.evalU1' depends on axioms: [propext, Classical.choice, Quot.sound]
'Phys.Algebra.stabLieQ' depends on axioms: [propext, Classical.choice, Quot.sound]
'Phys.Algebra.stabLieQ_toSubmodule_eq_ker' depends on axioms: [propext, Classical.choice, Quot.sound]
'Phys.Algebra.stabLieQ_ne_bot' depends on axioms: [propext, Classical.choice, Quot.sound]
'Phys.Algebra.stabLieQ_ne_top' depends on axioms: [propext, Classical.choice, Quot.sound]
'Phys.Algebra.imgUnit_indep' depends on axioms: [propext, Classical.choice, Quot.sound]
'Phys.Algebra.range_evalU1_eq' depends on axioms: [propext, Classical.choice, Quot.sound]
'Phys.Algebra.finrank_range_evalU1' depends on axioms: [propext, Classical.choice, Quot.sound]
'Phys.Algebra.finrank_stabLieQ' depends on axioms: [propext, Classical.choice, Quot.sound]
'Phys.Algebra.JO_sq' depends on axioms: [propext, Classical.choice, Quot.sound]
'Phys.Algebra.JOequiv' depends on axioms: [propext, Classical.choice, Quot.sound]
'Phys.Algebra.finrank_Uhol' depends on axioms: [propext, Classical.choice, Quot.sound]
'Phys.Algebra.finrank_Uah' depends on axioms: [propext, Classical.choice, Quot.sound]
'Phys.Algebra.Uhol_map_JO_le_Uah' depends on axioms: [propext, Classical.choice, Quot.sound]
'Phys.Algebra.Uah_map_JO_le_Uhol' depends on axioms: [propext, Classical.choice, Quot.sound]
'Phys.Algebra.Uhol_sup_Uah_eq_Vsub' depends on axioms: [propext, Classical.choice, Quot.sound]
'Phys.Algebra.singlet_sup_Vsub_eq_ImO' depends on axioms: [propext, Classical.choice, Quot.sound]
'Phys.Algebra.branching_7' depends on axioms: [propext, Classical.choice, Quot.sound]
'Phys.Algebra.herm2_isHermitian' depends on axioms: [propext, Classical.choice, Quot.sound]
'Phys.Algebra.herm2_det_eq' depends on axioms: [propext, Classical.choice, Quot.sound]
'Phys.Algebra.Qform_time_pos' depends on axioms: [propext, Classical.choice, Quot.sound]
'Phys.Algebra.Qform_space_nonpos' depends on axioms: [propext, Classical.choice, Quot.sound]
'Phys.Algebra.Qform_space_def' depends on axioms: [propext, Classical.choice, Quot.sound]
'Phys.Algebra.finrank_STV' depends on axioms: [propext, Classical.choice, Quot.sound]
'Phys.Algebra.finrank_spaceSub' depends on axioms: [propext, Classical.choice, Quot.sound]
'Phys.Algebra.finrank_timeSub' depends on axioms: [propext, Classical.choice, Quot.sound]
'Phys.Algebra.timeSub_isCompl_spaceSub' depends on axioms: [propext, Classical.choice, Quot.sound]
'Phys.Algebra.signature_one_nine' depends on axioms: [propext, Classical.choice, Quot.sound]
'Phys.Algebra.LeftMul' depends on axioms: [propext, Classical.choice, Quot.sound]
'Phys.Algebra.RightMul' depends on axioms: [propext, Classical.choice, Quot.sound]
'Phys.Algebra.chirality_commute_iff_assoc' depends on axioms: [propext, Classical.choice, Quot.sound]
'Phys.Algebra.chirality_block' depends on axioms: [propext, Classical.choice, Quot.sound]
'Phys.Algebra.chirality_block_iff_jordan_cap' depends on axioms: [propext, Classical.choice, Quot.sound]
'Phys.Algebra.chirality_block_witness' depends on axioms: [propext, Classical.choice, Quot.sound]
'Phys.Algebra.IsQvIsom' depends on axioms: [propext, Classical.choice, Quot.sound]
'Phys.Algebra.isQvIsom_id' depends on axioms: [propext, Classical.choice, Quot.sound]
'Phys.Algebra.isQvIsom_comp' depends on axioms: [propext, Classical.choice, Quot.sound]
'Phys.Algebra.qvIsomMonoid' depends on axioms: [propext, Classical.choice, Quot.sound]
'Phys.Algebra.boost' depends on axioms: [propext, Classical.choice, Quot.sound]
'Phys.Algebra.boost_isom' depends on axioms: [propext, Classical.choice, Quot.sound]
'Phys.Algebra.boost_mem' depends on axioms: [propext, Classical.choice, Quot.sound]
'Phys.Algebra.boost_ne_id' depends on axioms: [propext, Classical.choice, Quot.sound]
'Phys.Algebra.boost_mixes_time_space' depends on axioms: [propext, Classical.choice, Quot.sound]
'Phys.Algebra.gForm_comp' depends on axioms: [propext, Classical.choice, Quot.sound]
'Phys.Algebra.rot' depends on axioms: [propext, Classical.choice, Quot.sound]
'Phys.Algebra.rot_isom' depends on axioms: [propext, Classical.choice, Quot.sound]
'Phys.Algebra.rot_mem' depends on axioms: [propext, Classical.choice, Quot.sound]
'Phys.Algebra.boostMat' depends on axioms: [propext, Classical.choice, Quot.sound]
'Phys.Algebra.actBy' depends on axioms: [propext, Classical.choice, Quot.sound]
'Phys.Algebra.mdet' depends on axioms: [propext, Classical.choice, Quot.sound]
'Phys.Algebra.mdet_herm2' depends on axioms: [propext, Classical.choice, Quot.sound]
'Phys.Algebra.boostMat_selfadjoint' depends on axioms: [propext, Classical.choice, Quot.sound]
'Phys.Algebra.act_herm2' depends on axioms: [propext, Classical.choice, Quot.sound]
'Phys.Algebra.act_isHermitian' depends on axioms: [propext, Classical.choice, Quot.sound]
'Phys.Algebra.scaled_Qform' depends on axioms: [propext, Classical.choice, Quot.sound]
'Phys.Algebra.mdet_act' depends on axioms: [propext, Classical.choice, Quot.sound]
'Phys.Algebra.mdet_act_eq_herm2_det' depends on axioms: [propext, Classical.choice, Quot.sound]
'Phys.Algebra.boostMat_ne_one' depends on axioms: [propext, Classical.choice, Quot.sound]
'Phys.Algebra.act_scales_lightcone' depends on axioms: [propext, Classical.choice, Quot.sound]
'Phys.Algebra.rotMat' depends on axioms: [propext, Classical.choice, Quot.sound]
'Phys.Algebra.act_herm2_rot' depends on axioms: [propext, Classical.choice, Quot.sound]
'Phys.Algebra.rot_Qform' depends on axioms: [propext, Classical.choice, Quot.sound]
'Phys.Algebra.act_isHermitian_rot' depends on axioms: [propext, Classical.choice, Quot.sound]
'Phys.Algebra.mdet_act_rot' depends on axioms: [propext, Classical.choice, Quot.sound]
'Phys.Algebra.mdet_act_rot_eq_herm2_det' depends on axioms: [propext, Classical.choice, Quot.sound]
'Phys.Algebra.mdet_act_boost_rot' depends on axioms: [propext, Classical.choice, Quot.sound]
'Phys.Algebra.star_u1' depends on axioms: [propext, Classical.choice, Quot.sound]
'Phys.Algebra.gForm_u1' depends on axioms: [propext, Classical.choice, Quot.sound]
'Phys.Algebra.rotMat_u1_ne_one' depends on axioms: [propext, Classical.choice, Quot.sound]
'Phys.Algebra.act_rotates_space' depends on axioms: [propext, Classical.choice, Quot.sound]
'Phys.Algebra.Hmap' depends on axioms: [propext, Classical.choice, Quot.sound]
'Phys.Algebra.boostParam' depends on axioms: [propext, Classical.choice, Quot.sound]
'Phys.Algebra.boostParam_hyperbola' depends on axioms: [propext, Classical.choice, Quot.sound]
'Phys.Algebra.actBy_rotMat_Hmap' depends on axioms: [propext, Classical.choice, Quot.sound]
'Phys.Algebra.actBy_boostMat_Hmap' depends on axioms: [propext, Classical.choice, Quot.sound]
'Phys.Algebra.coverGens' depends on axioms: [propext, Classical.choice, Quot.sound]
'Phys.Algebra.spinorCoverMonoid' depends on axioms: [propext, Classical.choice, Quot.sound]
'Phys.Algebra.coverGens_subset_isom' depends on axioms: [propext, Classical.choice, Quot.sound]
'Phys.Algebra.spinorCoverMonoid_le_qvIsom' depends on axioms: [propext, Classical.choice, Quot.sound]
'Phys.Algebra.boost_mem_cover' depends on axioms: [propext, Classical.choice, Quot.sound]
'Phys.Algebra.rot_mem_cover' depends on axioms: [propext, Classical.choice, Quot.sound]
'Phys.Algebra.comp_mem_cover' depends on axioms: [propext, Classical.choice, Quot.sound]
'Phys.Algebra.cover_isom' depends on axioms: [propext, Classical.choice, Quot.sound]
'Phys.Algebra.spinorCoverMonoid_ne_bot' depends on axioms: [propext, Classical.choice, Quot.sound]
'Phys.Algebra.reQC' depends on axioms: [propext, Classical.choice, Quot.sound]
'Phys.Algebra.gFormC' depends on axioms: [propext, Classical.choice, Quot.sound]
'Phys.Algebra.QformC' depends on axioms: [propext, Classical.choice, Quot.sound]
'Phys.Algebra.QvC' depends on axioms: [propext, Classical.choice, Quot.sound]
'Phys.Algebra.boostFunC' depends on axioms: [propext, Classical.choice, Quot.sound]
'Phys.Algebra.boostC_isom' depends on axioms: [propext, Classical.choice, Quot.sound]
'Phys.Algebra.IsQvIsomC' depends on axioms: [propext, Classical.choice, Quot.sound]
'Phys.Algebra.isQvIsomC_id' depends on axioms: [propext, Classical.choice, Quot.sound]
'Phys.Algebra.isQvIsomC_comp' depends on axioms: [propext, Classical.choice, Quot.sound]
'Phys.Algebra.qvIsomMonoidC' depends on axioms: [propext, Classical.choice, Quot.sound]
'Phys.Algebra.boostC_mem' depends on axioms: [propext, Classical.choice, Quot.sound]
'Phys.Algebra.sqrt2_sq' depends on axioms: [propext, Classical.choice, Quot.sound]
'Phys.Algebra.irr_hyperbola' depends on axioms: [propext, Classical.choice, Quot.sound]
'Phys.Algebra.irrBoost_isom' depends on axioms: [propext, Classical.choice, Quot.sound]
'Phys.Algebra.sqrt2_quarter_not_rational' depends on axioms: [propext, Classical.choice, Quot.sound]
'Phys.Algebra.boostFunC_inj' depends on axioms: [propext, Classical.choice, Quot.sound]
'Phys.Algebra.continuum_strictly_extends_rational' depends on axioms: [propext, Classical.choice, Quot.sound]
'Phys.Algebra.irrBoost_ne_id' depends on axioms: [propext, Classical.choice, Quot.sound]
'Phys.Algebra.cut_add_self_zero' depends on axioms: [propext, Classical.choice, Quot.sound]
'Phys.Algebra.nrm_selfconj' depends on axioms: [propext, Classical.choice, Quot.sound]
'Phys.Algebra.reH_mul_selfconj' depends on axioms: [propext, Classical.choice, Quot.sound]
'Phys.Algebra.gFormC_comp' depends on axioms: [propext, Classical.choice, Quot.sound]
'Phys.Algebra.rotFunC' depends on axioms: [propext, Classical.choice, Quot.sound]
'Phys.Algebra.rotC_isom' depends on axioms: [propext, Classical.choice, Quot.sound]
'Phys.Algebra.rotC_mem' depends on axioms: [propext, Classical.choice, Quot.sound]
'Phys.Algebra.gFormC_one' depends on axioms: [propext, Classical.choice, Quot.sound]
'Phys.Algebra.rotC_one_mem' depends on axioms: [propext, Classical.choice, Quot.sound]
'Phys.Algebra.reQC_add' depends on axioms: [propext, Classical.choice, Quot.sound]
'Phys.Algebra.reQC_smul' depends on axioms: [propext, Classical.choice, Quot.sound]
'Phys.Algebra.gFormC_symm' depends on axioms: [propext, Classical.choice, Quot.sound]
'Phys.Algebra.gFormC_smul_left' depends on axioms: [propext, Classical.choice, Quot.sound]
'Phys.Algebra.gFormC_neg_left' depends on axioms: [propext, Classical.choice, Quot.sound]
'Phys.Algebra.gFormC_leftcomp' depends on axioms: [propext, Classical.choice, Quot.sound]
'Phys.Algebra.gFormC_mixed' depends on axioms: [propext, Classical.choice, Quot.sound]
'Phys.Algebra.gFormC_skew' depends on axioms: [propext, Classical.choice, Quot.sound]
'Phys.Algebra.BvC' depends on axioms: [propext, Classical.choice, Quot.sound]
'Phys.Algebra.BvC_self' depends on axioms: [propext, Classical.choice, Quot.sound]
'Phys.Algebra.BvC_symm' depends on axioms: [propext, Classical.choice, Quot.sound]
'Phys.Algebra.IsInfIsomC' depends on axioms: [propext, Classical.choice, Quot.sound]
'Phys.Algebra.bracketEnd_apply' depends on axioms: [propext, Classical.choice, Quot.sound]
'Phys.Algebra.infIsom_zero' depends on axioms: [propext, Classical.choice, Quot.sound]
'Phys.Algebra.infIsom_add' depends on axioms: [propext, Classical.choice, Quot.sound]
'Phys.Algebra.infIsom_smul' depends on axioms: [propext, Classical.choice, Quot.sound]
'Phys.Algebra.infIsom_bracket' depends on axioms: [propext, Classical.choice, Quot.sound]
'Phys.Algebra.infIsomLieAlg' depends on axioms: [propext, Classical.choice, Quot.sound]
'Phys.Algebra.boostGenC' depends on axioms: [propext, Classical.choice, Quot.sound]
'Phys.Algebra.boostGenC_inf' depends on axioms: [propext, Classical.choice, Quot.sound]
'Phys.Algebra.boostGenC_mem' depends on axioms: [propext, Classical.choice, Quot.sound]
'Phys.Algebra.rotGenC' depends on axioms: [propext, Classical.choice, Quot.sound]
'Phys.Algebra.rotGenC_inf' depends on axioms: [propext, Classical.choice, Quot.sound]
'Phys.Algebra.rotGenC_mem' depends on axioms: [propext, Classical.choice, Quot.sound]
'Phys.Algebra.boost_rot_bracket_mem' depends on axioms: [propext, Classical.choice, Quot.sound]
'Phys.Algebra.boostGenC_ne_zero' depends on axioms: [propext, Classical.choice, Quot.sound]
'Phys.Algebra.infIsomLieAlg_ne_bot' depends on axioms: [propext, Classical.choice, Quot.sound]
'Phys.Algebra.boostFunC_comp' depends on axioms: [propext, Classical.choice, Quot.sound]
'Phys.Algebra.boostParam_hyp_mul' depends on axioms: [propext, Classical.choice, Quot.sound]
'Phys.Algebra.boostFunC_one' depends on axioms: [propext, Classical.choice, Quot.sound]
'Phys.Algebra.boostFunC_inv' depends on axioms: [propext, Classical.choice, Quot.sound]
'Phys.Algebra.boostGenC_sq_apply' depends on axioms: [propext, Classical.choice, Quot.sound]
'Phys.Algebra.boostFunC_eq_gen_poly' depends on axioms: [propext, Classical.choice, Quot.sound]
'Phys.Algebra.boostOPS' depends on axioms: [propext, Classical.choice, Quot.sound]
'Phys.Algebra.boostOPS_le_isom' depends on axioms: [propext, Classical.choice, Quot.sound]
'Phys.Algebra.irrBoost_mem_boostOPS' depends on axioms: [propext, Classical.choice, Quot.sound]
'Phys.Algebra.boostOPS_ne_bot' depends on axioms: [propext, Classical.choice, Quot.sound]
'Phys.Algebra.boostExp' depends on axioms: [propext, Classical.choice, Quot.sound]
'Phys.Algebra.boostExp_eq_boostFunC' depends on axioms: [propext, Classical.choice, Quot.sound]
'Phys.Algebra.boostExp_isom' depends on axioms: [propext, Classical.choice, Quot.sound]
'Phys.Algebra.boostExp_one' depends on axioms: [propext, Classical.choice, Quot.sound]
'Phys.Algebra.boostExp_comp' depends on axioms: [propext, Classical.choice, Quot.sound]
'Phys.Algebra.rotCircFun_comp' depends on axioms: [propext, Classical.choice, Quot.sound]
'Phys.Algebra.circParam_circle_mul' depends on axioms: [propext, Classical.choice, Quot.sound]
'Phys.Algebra.rotCircFun_one' depends on axioms: [propext, Classical.choice, Quot.sound]
'Phys.Algebra.rotCircFun_inv' depends on axioms: [propext, Classical.choice, Quot.sound]
'Phys.Algebra.rotCircFun_eq_rotFunC' depends on axioms: [propext, Classical.choice, Quot.sound]
'Phys.Algebra.gFormC_circParam_self' depends on axioms: [propext, Classical.choice, Quot.sound]
'Phys.Algebra.rotCircFun_isom' depends on axioms: [propext, Classical.choice, Quot.sound]
'Phys.Algebra.rotCircFun_mem' depends on axioms: [propext, Classical.choice, Quot.sound]
'Phys.Algebra.rotCircOPS' depends on axioms: [propext, Classical.choice, Quot.sound]
'Phys.Algebra.rotCircOPS_le_isom' depends on axioms: [propext, Classical.choice, Quot.sound]
'Phys.Algebra.e2_imag' depends on axioms: [propext, Classical.choice, Quot.sound]
'Phys.Algebra.e2_alt' depends on axioms: [propext, Classical.choice, Quot.sound]
'Phys.Algebra.e2_gFormC_self' depends on axioms: [propext, Classical.choice, Quot.sound]
'Phys.Algebra.e2_gFormC_one' depends on axioms: [propext, Classical.choice, Quot.sound]
'Phys.Algebra.rotCircOPS_e2' depends on axioms: [propext, Classical.choice, Quot.sound]
'Phys.Algebra.rotCircFun_e2_quarter_ne_id' depends on axioms: [propext, Classical.choice, Quot.sound]
'Phys.Algebra.rotCircOPS_e2_ne_bot' depends on axioms: [propext, Classical.choice, Quot.sound]
'Phys.Algebra.rotGenSetC' depends on axioms: [propext, Classical.choice, Quot.sound]
'Phys.Algebra.genIsomMonoidC' depends on axioms: [propext, Classical.choice, Quot.sound]
'Phys.Algebra.boostOPS_le_gen' depends on axioms: [propext, Classical.choice, Quot.sound]
'Phys.Algebra.rotGenSetC_subset_gen' depends on axioms: [propext, Classical.choice, Quot.sound]
'Phys.Algebra.rotGenSetC_le_isom' depends on axioms: [propext, Classical.choice, Quot.sound]
'Phys.Algebra.genIsomMonoidC_le_isom' depends on axioms: [propext, Classical.choice, Quot.sound]
'Phys.Algebra.quarterTurn_e2_mem_rotGenSet' depends on axioms: [propext, Classical.choice, Quot.sound]
'Phys.Algebra.quarterTurn_e2_mem_gen' depends on axioms: [propext, Classical.choice, Quot.sound]
'Phys.Algebra.quarterTurn_e2_not_boost' depends on axioms: [propext, Classical.choice, Quot.sound]
'Phys.Algebra.irrBoost_mem_gen' depends on axioms: [propext, Classical.choice, Quot.sound]
'Phys.Algebra.irrBoost_not_rotGen' depends on axioms: [propext, Classical.choice, Quot.sound]
'Phys.Algebra.boostOPS_lt_gen' depends on axioms: [propext, Classical.choice, Quot.sound]
'Phys.Algebra.biMulFun' depends on axioms: [propext, Classical.choice, Quot.sound]
'Phys.Algebra.biMul_gFormC' depends on axioms: [propext, Classical.choice, Quot.sound]
'Phys.Algebra.biMulFun_isom' depends on axioms: [propext, Classical.choice, Quot.sound]
'Phys.Algebra.biMulFun_mem' depends on axioms: [propext, Classical.choice, Quot.sound]
'Phys.Algebra.biMulFun_one_right' depends on axioms: [propext, Classical.choice, Quot.sound]
'Phys.Algebra.biMulGenSetC' depends on axioms: [propext, Classical.choice, Quot.sound]
'Phys.Algebra.genIsomMonoidC2' depends on axioms: [propext, Classical.choice, Quot.sound]
'Phys.Algebra.biMulGenSetC_le_isom' depends on axioms: [propext, Classical.choice, Quot.sound]
'Phys.Algebra.genIsomMonoidC2_le_isom' depends on axioms: [propext, Classical.choice, Quot.sound]
'Phys.Algebra.genIsomMonoidC_le_gen2' depends on axioms: [propext, Classical.choice, Quot.sound]
'Phys.Algebra.biMulFun_e2_e2_ne_rotFunC_e2' depends on axioms: [propext, Classical.choice, Quot.sound]
'Phys.Algebra.biMulFun_e2_e2_mem_gen2' depends on axioms: [propext, Classical.choice, Quot.sound]
'Phys.Algebra.gFormC_sumOfSquares' depends on axioms: [propext, Classical.choice, Quot.sound]
'Phys.Algebra.gFormC_nonneg' depends on axioms: [propext, Classical.choice, Quot.sound]
'Phys.Algebra.gFormC_eq_zero_iff' depends on axioms: [propext, Classical.choice, Quot.sound]
'Phys.Algebra.gFormC_pos_of_ne_zero' depends on axioms: [propext, Classical.choice, Quot.sound]
'Phys.Algebra.gFormC_one_pos' depends on axioms: [propext, Classical.choice, Quot.sound]
'Phys.Algebra.QvC_time_pos' depends on axioms: [propext, Classical.choice, Quot.sound]
'Phys.Algebra.QvC_space_nonpos' depends on axioms: [propext, Classical.choice, Quot.sound]
'Phys.Algebra.QvC_space_neg_of_ne' depends on axioms: [propext, Classical.choice, Quot.sound]
'Phys.Algebra.QvC_space_e2_neg' depends on axioms: [propext, Classical.choice, Quot.sound]
'Phys.Algebra.continuous_cut_sq' depends on axioms: [propext, Classical.choice, Quot.sound]
'Phys.Algebra.cutSqrt_exists' depends on axioms: [propext, Classical.choice, Quot.sound]
'Phys.Algebra.sq_nonneg_inj' depends on axioms: [propext, Classical.choice, Quot.sound]
'Phys.Algebra.cutSqrt_nonneg' depends on axioms: [propext, Classical.choice, Quot.sound]
'Phys.Algebra.cutSqrt_sq' depends on axioms: [propext, Classical.choice, Quot.sound]
'Phys.Algebra.cutSqrt_unique' depends on axioms: [propext, Classical.choice, Quot.sound]
'Phys.Algebra.cutSqrt_pos' depends on axioms: [propext, Classical.choice, Quot.sound]
'Phys.Algebra.cutSqrt_zero' depends on axioms: [propext, Classical.choice, Quot.sound]
'Phys.Algebra.cutSqrt_one' depends on axioms: [propext, Classical.choice, Quot.sound]
'Phys.Algebra.cutSqrt_four_eq_two' depends on axioms: [propext, Classical.choice, Quot.sound]
'Phys.Algebra.EvC_self' depends on axioms: [propext, Classical.choice, Quot.sound]
'Phys.Algebra.EvC_symm' depends on axioms: [propext, Classical.choice, Quot.sound]
'Phys.Algebra.EvC_nonneg' depends on axioms: [propext, Classical.choice, Quot.sound]
'Phys.Algebra.EvC_eq_zero_iff' depends on axioms: [propext, Classical.choice, Quot.sound]
'Phys.Algebra.EvC_one_pos' depends on axioms: [propext, Classical.choice, Quot.sound]
'Phys.Algebra.boostGenC_EvC_symm' depends on axioms: [propext, Classical.choice, Quot.sound]
'Phys.Algebra.rotGenC_EvC_skew' depends on axioms: [propext, Classical.choice, Quot.sound]
'Phys.Algebra.boostGenC_not_EvC_skew' depends on axioms: [propext, Classical.choice, Quot.sound]
'Phys.Algebra.EvC_neg_right' depends on axioms: [propext, Classical.choice, Quot.sound]
'Phys.Algebra.IsEvCAdjoint.symm' depends on axioms: [propext, Classical.choice, Quot.sound]
'Phys.Algebra.IsEvCAdjoint.comp_isEvCSymm' depends on axioms: [propext, Classical.choice, Quot.sound]
'Phys.Algebra.IsEvCAdjoint.comp_nonneg' depends on axioms: [propext, Classical.choice, Quot.sound]
'Phys.Algebra.boostGenC_self_adjoint' depends on axioms: [propext, Classical.choice, Quot.sound]
'Phys.Algebra.boostGenC_comp_symm' depends on axioms: [propext, Classical.choice, Quot.sound]
'Phys.Algebra.boostGenC_comp_nonneg' depends on axioms: [propext, Classical.choice, Quot.sound]
'Phys.Algebra.boostGenC_comp_pos_witness' depends on axioms: [propext, Classical.choice, Quot.sound]
'Phys.Algebra.rotGenC_adjoint' depends on axioms: [propext, Classical.choice, Quot.sound]
'Phys.Algebra.rotGenC_comp_symm' depends on axioms: [propext, Classical.choice, Quot.sound]
'Phys.Algebra.rotGenC_comp_nonneg' depends on axioms: [propext, Classical.choice, Quot.sound]
'Phys.Algebra.rotGenC_e2_not_EvC_symm' depends on axioms: [propext, Classical.choice, Quot.sound]
'Phys.Algebra.EvC_smul_left' depends on axioms: [propext, Classical.choice, Quot.sound]
'Phys.Algebra.EvC_smul_right' depends on axioms: [propext, Classical.choice, Quot.sound]
'Phys.Algebra.cutSmul_id_apply' depends on axioms: [propext, Classical.choice, Quot.sound]
'Phys.Algebra.cutSmul_isEvCSymm' depends on axioms: [propext, Classical.choice, Quot.sound]
'Phys.Algebra.cutSmul_comp' depends on axioms: [propext, Classical.choice, Quot.sound]
'Phys.Algebra.cutSmul_id_inj' depends on axioms: [propext, Classical.choice, Quot.sound]
'Phys.Algebra.scalar_op_sqrt' depends on axioms: [propext, Classical.choice, Quot.sound]
'Phys.Algebra.comp_scalar_pos' depends on axioms: [propext, Classical.choice, Quot.sound]
'Phys.Algebra.comp_scalar_op_sqrt' depends on axioms: [propext, Classical.choice, Quot.sound]
'Phys.Algebra.scalar_op_sqrt_unique' depends on axioms: [propext, Classical.choice, Quot.sound]
'Phys.Algebra.cutSqrt_sixteen_eq_four' depends on axioms: [propext, Classical.choice, Quot.sound]
'Phys.Algebra.scalar_op_sqrt_witness' depends on axioms: [propext, Classical.choice, Quot.sound]
'Phys.Algebra.not_scalar_op_sqrt_5_7' depends on axioms: [propext, Classical.choice, Quot.sound]
'Phys.Algebra.blockDiag' depends on axioms: [propext, Classical.choice, Quot.sound]
'Phys.Algebra.blockDiag_apply' depends on axioms: [propext, Classical.choice, Quot.sound]
'Phys.Algebra.blockDiag_scalar' depends on axioms: [propext, Classical.choice, Quot.sound]
'Phys.Algebra.blockDiag_isEvCSymm' depends on axioms: [propext, Classical.choice, Quot.sound]
'Phys.Algebra.blockDiag_comp' depends on axioms: [propext, Classical.choice, Quot.sound]
'Phys.Algebra.blockDiag_a_read' depends on axioms: [propext, Classical.choice, Quot.sound]
'Phys.Algebra.blockDiag_b_read' depends on axioms: [propext, Classical.choice, Quot.sound]
'Phys.Algebra.blockDiag_inj' depends on axioms: [propext, Classical.choice, Quot.sound]
'Phys.Algebra.blockDiag_nonneg' depends on axioms: [propext, Classical.choice, Quot.sound]
'Phys.Algebra.blockDiag_op_sqrt' depends on axioms: [propext, Classical.choice, Quot.sound]
'Phys.Algebra.blockDiag_op_sqrt_unique' depends on axioms: [propext, Classical.choice, Quot.sound]
'Phys.Algebra.blockDiag_op_sqrt_witness' depends on axioms: [propext, Classical.choice, Quot.sound]
'Phys.Algebra.not_blockDiag_op_sqrt_2_3' depends on axioms: [propext, Classical.choice, Quot.sound]
'Phys.Algebra.gFormC_coordExpand' depends on axioms: [propext, Classical.choice, Quot.sound]
'Phys.Algebra.octBlock' depends on axioms: [propext, Classical.choice, Quot.sound]
'Phys.Algebra.octBlock_scalar' depends on axioms: [propext, Classical.choice, Quot.sound]
'Phys.Algebra.octBlock_one' depends on axioms: [propext, Classical.choice, Quot.sound]
'Phys.Algebra.octBlock_e2' depends on axioms: [propext, Classical.choice, Quot.sound]
'Phys.Algebra.octBlock_gForm_symm' depends on axioms: [propext, Classical.choice, Quot.sound]
'Phys.Algebra.octBlock_comp' depends on axioms: [propext, Classical.choice, Quot.sound]
'Phys.Algebra.octBlock_gForm_nonneg' depends on axioms: [propext, Classical.choice, Quot.sound]
'Phys.Algebra.coordDiag3' depends on axioms: [propext, Classical.choice, Quot.sound]
'Phys.Algebra.coordDiag3_apply' depends on axioms: [propext, Classical.choice, Quot.sound]
'Phys.Algebra.coordDiag3_scalar' depends on axioms: [propext, Classical.choice, Quot.sound]
'Phys.Algebra.coordDiag3_isEvCSymm' depends on axioms: [propext, Classical.choice, Quot.sound]
'Phys.Algebra.coordDiag3_comp' depends on axioms: [propext, Classical.choice, Quot.sound]
'Phys.Algebra.coordDiag3_nonneg' depends on axioms: [propext, Classical.choice, Quot.sound]
'Phys.Algebra.coordDiag3_a_read' depends on axioms: [propext, Classical.choice, Quot.sound]
'Phys.Algebra.coordDiag3_b1_read' depends on axioms: [propext, Classical.choice, Quot.sound]
'Phys.Algebra.coordDiag3_b2_read' depends on axioms: [propext, Classical.choice, Quot.sound]
'Phys.Algebra.coordDiag3_inj' depends on axioms: [propext, Classical.choice, Quot.sound]
'Phys.Algebra.coordDiag3_op_sqrt' depends on axioms: [propext, Classical.choice, Quot.sound]
'Phys.Algebra.coordDiag3_op_sqrt_unique' depends on axioms: [propext, Classical.choice, Quot.sound]
'Phys.Algebra.coordDiag3_op_sqrt_witness' depends on axioms: [propext, Classical.choice, Quot.sound]
'Phys.Algebra.not_coordDiag3_op_sqrt_1_2_3' depends on axioms: [propext, Classical.choice, Quot.sound]
'Phys.Algebra.EvC_add_left' depends on axioms: [propext, Classical.choice, Quot.sound]
'Phys.Algebra.EvC_add_right' depends on axioms: [propext, Classical.choice, Quot.sound]
'Phys.Algebra.IsEvCSymm_add' depends on axioms: [propext, Classical.choice, Quot.sound]
'Phys.Algebra.IsEvCSymm_smul' depends on axioms: [propext, Classical.choice, Quot.sound]
'Phys.Algebra.projC' depends on axioms: [propext, Classical.choice, Quot.sound]
'Phys.Algebra.projC_apply' depends on axioms: [propext, Classical.choice, Quot.sound]
'Phys.Algebra.projC_isEvCSymm' depends on axioms: [propext, Classical.choice, Quot.sound]
'Phys.Algebra.projC_idem' depends on axioms: [propext, Classical.choice, Quot.sound]
'Phys.Algebra.projC_orth' depends on axioms: [propext, Classical.choice, Quot.sound]
'Phys.Algebra.projC_nonneg' depends on axioms: [propext, Classical.choice, Quot.sound]
'Phys.Algebra.specOp' depends on axioms: [propext, Classical.choice, Quot.sound]
'Phys.Algebra.specOp_apply' depends on axioms: [propext, Classical.choice, Quot.sound]
'Phys.Algebra.specOp_isEvCSymm' depends on axioms: [propext, Classical.choice, Quot.sound]
'Phys.Algebra.specOp_nonneg' depends on axioms: [propext, Classical.choice, Quot.sound]
'Phys.Algebra.specOp_comp' depends on axioms: [propext, Classical.choice, Quot.sound]
'Phys.Algebra.specOp_read₁' depends on axioms: [propext, Classical.choice, Quot.sound]
'Phys.Algebra.specOp_read₂' depends on axioms: [propext, Classical.choice, Quot.sound]
'Phys.Algebra.specOp_op_sqrt' depends on axioms: [propext, Classical.choice, Quot.sound]
'Phys.Algebra.u35a' depends on axioms: [propext, Classical.choice, Quot.sound]
'Phys.Algebra.u35b' depends on axioms: [propext, Classical.choice, Quot.sound]
'Phys.Algebra.u35a_norm' depends on axioms: [propext, Classical.choice, Quot.sound]
'Phys.Algebra.u35b_norm' depends on axioms: [propext, Classical.choice, Quot.sound]
'Phys.Algebra.u35_orth' depends on axioms: [propext, Classical.choice, Quot.sound]
'Phys.Algebra.specOp_4_9_offdiag' depends on axioms: [propext, Classical.choice, Quot.sound]
'Phys.Algebra.specOp_witness' depends on axioms: [propext, Classical.choice, Quot.sound]
'Phys.Algebra.not_specOp_2_4_op_sqrt_4_15' depends on axioms: [propext, Classical.choice, Quot.sound]
'Phys.Algebra.txOp' depends on axioms: [propext, Classical.choice, Quot.sound]
'Phys.Algebra.txOp_apply' depends on axioms: [propext, Classical.choice, Quot.sound]
'Phys.Algebra.s2_sq' depends on axioms: [propext, Classical.choice, Quot.sound]
'Phys.Algebra.uP' depends on axioms: [propext, Classical.choice, Quot.sound]
'Phys.Algebra.uM' depends on axioms: [propext, Classical.choice, Quot.sound]
'Phys.Algebra.uP_norm' depends on axioms: [propext, Classical.choice, Quot.sound]
'Phys.Algebra.uM_norm' depends on axioms: [propext, Classical.choice, Quot.sound]
'Phys.Algebra.uPM_orth' depends on axioms: [propext, Classical.choice, Quot.sound]
'Phys.Algebra.txOp_eq_specOp' depends on axioms: [propext, Classical.choice, Quot.sound]
'Phys.Algebra.boostGenC_sq_eq' depends on axioms: [propext, Classical.choice, Quot.sound]
'Phys.Algebra.txOp_op_sqrt' depends on axioms: [propext, Classical.choice, Quot.sound]
'Phys.Algebra.txOp_5_4_5_diag' depends on axioms: [propext, Classical.choice, Quot.sound]
'Phys.Algebra.txOp_5_4_5_witness' depends on axioms: [propext, Classical.choice, Quot.sound]
'Phys.Algebra.rotA' depends on axioms: [propext, Classical.choice, Quot.sound]
'Phys.Algebra.rotB' depends on axioms: [propext, Classical.choice, Quot.sound]
'Phys.Algebra.rotA_norm' depends on axioms: [propext, Classical.choice, Quot.sound]
'Phys.Algebra.rotB_norm' depends on axioms: [propext, Classical.choice, Quot.sound]
'Phys.Algebra.rotAB_orth' depends on axioms: [propext, Classical.choice, Quot.sound]
'Phys.Algebra.specOp_rot_eq_txOp' depends on axioms: [propext, Classical.choice, Quot.sound]
'Phys.Algebra.rotEig_normalized' depends on axioms: [propext, Classical.choice, Quot.sound]
'Phys.Algebra.txOp_eq_specOp_rot' depends on axioms: [propext, Classical.choice, Quot.sound]
'Phys.Algebra.txOp_op_sqrt_gen' depends on axioms: [propext, Classical.choice, Quot.sound]
'Phys.Algebra.txOp_73_36_52_diag' depends on axioms: [propext, Classical.choice, Quot.sound]
'Phys.Algebra.txOp_73_36_52_witness' depends on axioms: [propext, Classical.choice, Quot.sound]
'Phys.Algebra.boostC' depends on axioms: [propext, Classical.choice, Quot.sound]
'Phys.Algebra.boostC_apply' depends on axioms: [propext, Classical.choice, Quot.sound]
'Phys.Algebra.boostC_isEvCSymm' depends on axioms: [propext, Classical.choice, Quot.sound]
'Phys.Algebra.boostC_comp' depends on axioms: [propext, Classical.choice, Quot.sound]
'Phys.Algebra.boostC_sq' depends on axioms: [propext, Classical.choice, Quot.sound]
'Phys.Algebra.boostC_nonneg' depends on axioms: [propext, Classical.choice, Quot.sound]
'Phys.Algebra.boostC_op_sqrt' depends on axioms: [propext, Classical.choice, Quot.sound]
'Phys.Algebra.boostC_uP' depends on axioms: [propext, Classical.choice, Quot.sound]
'Phys.Algebra.boostC_uP_read' depends on axioms: [propext, Classical.choice, Quot.sound]
'Phys.Algebra.boostC_isQvIsomC' depends on axioms: [propext, Classical.choice, Quot.sound]
'Phys.Algebra.R_orthogonal' depends on axioms: [propext, Classical.choice, Quot.sound]
'Phys.Algebra.polG_adjoint' depends on axioms: [propext, Classical.choice, Quot.sound]
'Phys.Algebra.polG_starComp' depends on axioms: [propext, Classical.choice, Quot.sound]
'Phys.Algebra.polG_pos_part' depends on axioms: [propext, Classical.choice, Quot.sound]
'Phys.Algebra.boostC_witness_isom' depends on axioms: [propext, Classical.choice, Quot.sound]
'Phys.Algebra.R_ne_id' depends on axioms: [propext, Classical.choice, Quot.sound]
'Phys.Algebra.boostC_ne_id' depends on axioms: [propext, Classical.choice, Quot.sound]
'Phys.Algebra.polG_starComp_witness' depends on axioms: [propext, Classical.choice, Quot.sound]
'Phys.Algebra.gFormC_zero_right'' depends on axioms: [propext, Classical.choice, Quot.sound]
'Phys.Algebra.mixA' depends on axioms: [propext, Classical.choice, Quot.sound]
'Phys.Algebra.mixB' depends on axioms: [propext, Classical.choice, Quot.sound]
'Phys.Algebra.mixA_norm' depends on axioms: [propext, Classical.choice, Quot.sound]
'Phys.Algebra.mixB_norm' depends on axioms: [propext, Classical.choice, Quot.sound]
'Phys.Algebra.mix_orth' depends on axioms: [propext, Classical.choice, Quot.sound]
'Phys.Algebra.EvC_mixA_e0' depends on axioms: [propext, Classical.choice, Quot.sound]
'Phys.Algebra.EvC_mixB_e0' depends on axioms: [propext, Classical.choice, Quot.sound]
'Phys.Algebra.specOp_mix_octBlock' depends on axioms: [propext, Classical.choice, Quot.sound]
'Phys.Algebra.specOp_mix_op_sqrt' depends on axioms: [propext, Classical.choice, Quot.sound]
'Phys.Algebra.specOp_mix_witness' depends on axioms: [propext, Classical.choice, Quot.sound]
'Phys.Algebra.not_specOp_mix_2_6' depends on axioms: [propext, Classical.choice, Quot.sound]
'Phys.Algebra.specOp3' depends on axioms: [propext, Classical.choice, Quot.sound]
'Phys.Algebra.specOp3_apply' depends on axioms: [propext, Classical.choice, Quot.sound]
'Phys.Algebra.specOp3_isEvCSymm' depends on axioms: [propext, Classical.choice, Quot.sound]
'Phys.Algebra.specOp3_nonneg' depends on axioms: [propext, Classical.choice, Quot.sound]
'Phys.Algebra.specOp3_comp' depends on axioms: [propext, Classical.choice, Quot.sound]
'Phys.Algebra.specOp3_read₃' depends on axioms: [propext, Classical.choice, Quot.sound]
'Phys.Algebra.specOp3_op_sqrt' depends on axioms: [propext, Classical.choice, Quot.sound]
'Phys.Algebra.mixW3' depends on axioms: [propext, Classical.choice, Quot.sound]
'Phys.Algebra.mixW3_norm' depends on axioms: [propext, Classical.choice, Quot.sound]
'Phys.Algebra.mixA_mixW3_orth' depends on axioms: [propext, Classical.choice, Quot.sound]
'Phys.Algebra.mixB_mixW3_orth' depends on axioms: [propext, Classical.choice, Quot.sound]
'Phys.Algebra.specOp3_mix_witness' depends on axioms: [propext, Classical.choice, Quot.sound]
'Phys.Algebra.EvCRight' depends on axioms: [propext, Classical.choice, Quot.sound]
'Phys.Algebra.EvCLeft' depends on axioms: [propext, Classical.choice, Quot.sound]
'Phys.Algebra.EvC_sum_right' depends on axioms: [propext, Classical.choice, Quot.sound]
'Phys.Algebra.EvC_sum_left' depends on axioms: [propext, Classical.choice, Quot.sound]
'Phys.Algebra.specOpN' depends on axioms: [propext, Classical.choice, Quot.sound]
'Phys.Algebra.specOpN_apply' depends on axioms: [propext, Classical.choice, Quot.sound]
'Phys.Algebra.specOpN_isEvCSymm' depends on axioms: [propext, Classical.choice, Quot.sound]
'Phys.Algebra.specOpN_nonneg' depends on axioms: [propext, Classical.choice, Quot.sound]
'Phys.Algebra.specOpN_EvC_read' depends on axioms: [propext, Classical.choice, Quot.sound]
'Phys.Algebra.specOpN_comp' depends on axioms: [propext, Classical.choice, Quot.sound]
'Phys.Algebra.specOpN_read' depends on axioms: [propext, Classical.choice, Quot.sound]
'Phys.Algebra.specOpN_op_sqrt' depends on axioms: [propext, Classical.choice, Quot.sound]
'Phys.Algebra.mixW4' depends on axioms: [propext, Classical.choice, Quot.sound]
'Phys.Algebra.mixW4_norm' depends on axioms: [propext, Classical.choice, Quot.sound]
'Phys.Algebra.mixA_mixW4_orth' depends on axioms: [propext, Classical.choice, Quot.sound]
'Phys.Algebra.mixB_mixW4_orth' depends on axioms: [propext, Classical.choice, Quot.sound]
'Phys.Algebra.mixW3_mixW4_orth' depends on axioms: [propext, Classical.choice, Quot.sound]
'Phys.Algebra.mix4' depends on axioms: [propext, Classical.choice, Quot.sound]
'Phys.Algebra.mix4_orthonormal' depends on axioms: [propext, Classical.choice, Quot.sound]
'Phys.Algebra.specOpN_mix4_witness' depends on axioms: [propext, Classical.choice, Quot.sound]
'Phys.Algebra.specOpN_eq_specOp' depends on axioms: [propext, Classical.choice, Quot.sound]
'Phys.Algebra.specOpN_eq_specOp3' depends on axioms: [propext, Classical.choice, Quot.sound]
'Phys.Algebra.txMix' depends on axioms: [propext, Classical.choice, Quot.sound]
'Phys.Algebra.txMix_apply' depends on axioms: [propext, Classical.choice, Quot.sound]
'Phys.Algebra.mix3' depends on axioms: [propext, Classical.choice, Quot.sound]
'Phys.Algebra.mix3_orthonormal' depends on axioms: [propext, Classical.choice, Quot.sound]
'Phys.Algebra.txMix_eq_specOp3' depends on axioms: [propext, Classical.choice, Quot.sound]
'Phys.Algebra.txMix_eq_specOpN' depends on axioms: [propext, Classical.choice, Quot.sound]
'Phys.Algebra.txMix_op_sqrt' depends on axioms: [propext, Classical.choice, Quot.sound]
'Phys.Algebra.EvC_sub_left' depends on axioms: [propext, Classical.choice, Quot.sound]
'Phys.Algebra.EvC_sub_right' depends on axioms: [propext, Classical.choice, Quot.sound]
'Phys.Algebra.EvC_zero_left' depends on axioms: [propext, Classical.choice, Quot.sound]
'Phys.Algebra.IsEvCSymm_sub' depends on axioms: [propext, Classical.choice, Quot.sound]
'Phys.Algebra.deflateC' depends on axioms: [propext, Classical.choice, Quot.sound]
'Phys.Algebra.deflateC_apply' depends on axioms: [propext, Classical.choice, Quot.sound]
'Phys.Algebra.deflateC_isEvCSymm' depends on axioms: [propext, Classical.choice, Quot.sound]
'Phys.Algebra.deflateC_eigen_kills' depends on axioms: [propext, Classical.choice, Quot.sound]
'Phys.Algebra.deflateC_image_orth' depends on axioms: [propext, Classical.choice, Quot.sound]
'Phys.Algebra.deflateC_specOpN' depends on axioms: [propext, Classical.choice, Quot.sound]
'Phys.Algebra.deflateC_txMix_fst' depends on axioms: [propext, Classical.choice, Quot.sound]
'Phys.Algebra.specOpN_eigen' depends on axioms: [propext, Classical.choice, Quot.sound]
'Phys.Algebra.txMix_isEvCSymm' depends on axioms: [propext, Classical.choice, Quot.sound]
'Phys.Algebra.txMix_eigen_mixA' depends on axioms: [propext, Classical.choice, Quot.sound]
'Phys.Algebra.txMix_eigen_mixB' depends on axioms: [propext, Classical.choice, Quot.sound]
'Phys.Algebra.txMix_eigen_mixW3' depends on axioms: [propext, Classical.choice, Quot.sound]
'Phys.Algebra.txMix_deflate_kills_mixA' depends on axioms: [propext, Classical.choice, Quot.sound]
'Phys.Algebra.txMix_deflate_image_orth' depends on axioms: [propext, Classical.choice, Quot.sound]
'Phys.Algebra.txMix_deflate_eigen_mixB' depends on axioms: [propext, Classical.choice, Quot.sound]
'Phys.Algebra.omixA_norm' depends on axioms: [propext, Classical.choice, Quot.sound]
'Phys.Algebra.omixB_norm' depends on axioms: [propext, Classical.choice, Quot.sound]
'Phys.Algebra.omixAB_orth' depends on axioms: [propext, Classical.choice, Quot.sound]
'Phys.Algebra.toMix_apply' depends on axioms: [propext, Classical.choice, Quot.sound]
'Phys.Algebra.toMix_isEvCSymm' depends on axioms: [propext, Classical.choice, Quot.sound]
'Phys.Algebra.toMix_octBlock' depends on axioms: [propext, Classical.choice, Quot.sound]
'Phys.Algebra.specOp_omix_eq_toMix' depends on axioms: [propext, Classical.choice, Quot.sound]
'Phys.Algebra.specOp_eigen₁' depends on axioms: [propext, Classical.choice, Quot.sound]
'Phys.Algebra.specOp_eigen₂' depends on axioms: [propext, Classical.choice, Quot.sound]
'Phys.Algebra.toMix_eq_specOp_omix' depends on axioms: [propext, Classical.choice, Quot.sound]
'Phys.Algebra.toMix_op_sqrt_gen' depends on axioms: [propext, Classical.choice, Quot.sound]
'Phys.Algebra.toMix_seed_eigen' depends on axioms: [propext, Classical.choice, Quot.sound]
'Phys.Algebra.toMix_deflate_kills_seed' depends on axioms: [propext, Classical.choice, Quot.sound]
'Phys.Algebra.toMix_deflate_image_orth' depends on axioms: [propext, Classical.choice, Quot.sound]
'Phys.Algebra.toMix_73_36_52_diag' depends on axioms: [propext, Classical.choice, Quot.sound]
'Phys.Algebra.toMix_73_36_52_seed_eigen' depends on axioms: [propext, Classical.choice, Quot.sound]
'Phys.Algebra.toMix_73_36_52_deflate_kills' depends on axioms: [propext, Classical.choice, Quot.sound]
'Phys.Algebra.toMix_73_36_52_witness' depends on axioms: [propext, Classical.choice, Quot.sound]
'Phys.Algebra.toMix_73_36_52_read_seed' depends on axioms: [propext, Classical.choice, Quot.sound]
'Phys.Algebra.specOpN_zero' depends on axioms: [propext, Classical.choice, Quot.sound]
'Phys.Algebra.zeroOn_not_mem' depends on axioms: [propext, Classical.choice, Quot.sound]
'Phys.Algebra.deflateC_specOpN_zeroOn' depends on axioms: [propext, Classical.choice, Quot.sound]
'Phys.Algebra.zeroOn_univ' depends on axioms: [propext, Classical.choice, Quot.sound]
'Phys.Algebra.specOpN_zeroOn_univ' depends on axioms: [propext, Classical.choice, Quot.sound]
'Phys.Algebra.deflateC_specOpN_step2' depends on axioms: [propext, Classical.choice, Quot.sound]
'Phys.Algebra.deflateC_specOpN_step3' depends on axioms: [propext, Classical.choice, Quot.sound]
'Phys.Algebra.specOpN_mix3_zero' depends on axioms: [propext, Classical.choice, Quot.sound]
'Phys.Algebra.deflateC_step2_survive' depends on axioms: [propext, Classical.choice, Quot.sound]
'Phys.Algebra.txMix_full_descent' depends on axioms: [propext, Classical.choice, Quot.sound]
'Phys.Algebra.deflateList_nil' depends on axioms: [propext, Classical.choice, Quot.sound]
'Phys.Algebra.deflateList_cons' depends on axioms: [propext, Classical.choice, Quot.sound]
'Phys.Algebra.zeroOn_empty' depends on axioms: [propext, Classical.choice, Quot.sound]
'Phys.Algebra.deflateList_zeroOn' depends on axioms: [propext, Classical.choice, Quot.sound]
'Phys.Algebra.specOpN_full_descent' depends on axioms: [propext, Classical.choice, Quot.sound]
'Phys.Algebra.deflateList_mix_partial_survive' depends on axioms: [propext, Classical.choice, Quot.sound]
'Phys.Algebra.deflateList_txMix_concrete' depends on axioms: [propext, Classical.choice, Quot.sound]
'Phys.Algebra.deflateList_txMix_descent' depends on axioms: [propext, Classical.choice, Quot.sound]
'Phys.Algebra.continuous_cut_cube' depends on axioms: [propext, Classical.choice, Quot.sound]
'Phys.Algebra.cutCbrt_exists' depends on axioms: [propext, Classical.choice, Quot.sound]
'Phys.Algebra.cutCbrt_nonneg' depends on axioms: [propext, Classical.choice, Quot.sound]
'Phys.Algebra.cutCbrt_cube' depends on axioms: [propext, Classical.choice, Quot.sound]
'Phys.Algebra.cube_nonneg_inj' depends on axioms: [propext, Classical.choice, Quot.sound]
'Phys.Algebra.cutCbrt_unique' depends on axioms: [propext, Classical.choice, Quot.sound]
'Phys.Algebra.cutCbrt_eight_eq_two' depends on axioms: [propext, Classical.choice, Quot.sound]
'Phys.Algebra.continuous_cut_cubic' depends on axioms: [propext, Classical.choice, Quot.sound]
'Phys.Algebra.cut_cubic_has_root' depends on axioms: [propext, Classical.choice, Quot.sound]
'Phys.Algebra.cut_cubic_root_witness' depends on axioms: [propext, Classical.choice, Quot.sound]
'Phys.Algebra.dblProdEquivCut' depends on axioms: [propext, Classical.choice, Quot.sound]
'Phys.Algebra.hProdEquivCut' depends on axioms: [propext, Classical.choice, Quot.sound]
'Phys.Algebra.oProdEquivCut' depends on axioms: [propext, Classical.choice, Quot.sound]
'Phys.Algebra.instFiniteDblCut' depends on axioms: [propext, Classical.choice, Quot.sound]
'Phys.Algebra.instFiniteHCut' depends on axioms: [propext, Classical.choice, Quot.sound]
'Phys.Algebra.instFiniteOCut' depends on axioms: [propext, Classical.choice, Quot.sound]
'Phys.Algebra.monic_cubic_poly_has_root' depends on axioms: [propext, Classical.choice, Quot.sound]
'Phys.Algebra.dim3_has_eigenvector' depends on axioms: [propext, Classical.choice, Quot.sound]
'Phys.Algebra.stvc_eigenvector_of_charpoly_root' depends on axioms: [propext, Classical.choice, Quot.sound]
'Phys.Algebra.cutPoly_eval_upper_nonneg' depends on axioms: [propext, Classical.choice, Quot.sound]
'Phys.Algebra.cutPoly_eval_lower_nonpos' depends on axioms: [propext, Classical.choice, Quot.sound]
'Phys.Algebra.cut_odd_degree_has_root' depends on axioms: [propext, Classical.choice, Quot.sound]
'Phys.Algebra.cut_isSquare_of_nonneg' depends on axioms: [propext, Classical.choice, Quot.sound]
'Phys.Algebra.cut_exists_root_of_odd' depends on axioms: [propext, Classical.choice, Quot.sound]
'Phys.Algebra.cut_isRealClosed' depends on axioms: [propext, Classical.choice, Quot.sound]
'Phys.Algebra.cut_odd_real_root' depends on axioms: [propext, Classical.choice, Quot.sound]
'Phys.Algebra.dim_odd_has_eigenvector' depends on axioms: [propext, Classical.choice, Quot.sound]
'Phys.Algebra.selfadj_negDisc_quad_apply_form' depends on axioms: [propext, Classical.choice, Quot.sound]
'Phys.Algebra.selfadj_negDisc_quad_pos' depends on axioms: [propext, Classical.choice, Quot.sound]
'Phys.Algebra.selfadj_negDisc_quad_injective' depends on axioms: [propext, Classical.choice, Quot.sound]
'Phys.Algebra.selfadj_negDisc_quad_bijective' depends on axioms: [propext, Classical.choice, Quot.sound]
'Phys.Algebra.selfadj_negDisc_quad_isUnit' depends on axioms: [propext, Classical.choice, Quot.sound]
'Phys.Algebra.selfadj_negDisc_quad_ne_zero' depends on axioms: [propext, Classical.choice, Quot.sound]
'Phys.Algebra.aeval_quad_eq' depends on axioms: [propext, Classical.choice, Quot.sound]
'Phys.Algebra.aeval_quad_isUnit' depends on axioms: [propext, Classical.choice, Quot.sound]
'Phys.Algebra.isUnitListProd' depends on axioms: [propext]
'Phys.Algebra.selfadj_no_pure_quad_charpoly' depends on axioms: [propext, Classical.choice, Quot.sound]
'Phys.Algebra.uPerp' depends on axioms: [propext, Classical.choice, Quot.sound]
'Phys.Algebra.mem_uPerp' depends on axioms: [propext, Classical.choice, Quot.sound]
'Phys.Algebra.evCRight_surjective' depends on axioms: [propext, Classical.choice, Quot.sound]
'Phys.Algebra.uPerp_finrank' depends on axioms: [propext, Classical.choice, Quot.sound]
'Phys.Algebra.deflateC_mapsTo_uPerp' depends on axioms: [propext, Classical.choice, Quot.sound]
'Phys.Algebra.deflateRestrict' depends on axioms: [propext, Classical.choice, Quot.sound]
'Phys.Algebra.deflateRestrict_coe' depends on axioms: [propext, Classical.choice, Quot.sound]
'Phys.Algebra.deflateRestrict_isEvCSymm' depends on axioms: [propext, Classical.choice, Quot.sound]
'Phys.Algebra.uPerp_finite' depends on axioms: [propext, Classical.choice, Quot.sound]
'Phys.Algebra.self_not_mem_uPerp' depends on axioms: [propext, Classical.choice, Quot.sound]
'Phys.Algebra.uPerp_ne_top' depends on axioms: [propext, Classical.choice, Quot.sound]
'Phys.Algebra.deflateRestrict_odd_reseed' depends on axioms: [propext, Classical.choice, Quot.sound]
'Phys.Algebra.cutQuad' depends on axioms: [propext, Classical.choice, Quot.sound]
'Phys.Algebra.cutQuad_isMonicOfDegree' depends on axioms: [propext, Classical.choice, Quot.sound]
'Phys.Algebra.cutQuad_monic' depends on axioms: [propext, Classical.choice, Quot.sound]
'Phys.Algebra.cutQuad_natDegree' depends on axioms: [propext, Classical.choice, Quot.sound]
'Phys.Algebra.cutQuad_eval' depends on axioms: [propext, Classical.choice, Quot.sound]
'Phys.Algebra.cutQuad_hasRoot_iff_nonnegDisc' depends on axioms: [propext, Classical.choice, Quot.sound]
'Phys.Algebra.cut_monic_quad_irreducible_iff_negDisc' depends on axioms: [propext, Classical.choice, Quot.sound]
'Phys.Algebra.cut_monic_quad_irreducible_of_negDisc' depends on axioms: [propext, Classical.choice, Quot.sound]
'Phys.Algebra.cut_negDisc_of_irreducible' depends on axioms: [propext, Classical.choice, Quot.sound]
'Phys.Algebra.cutQuad_negDisc_irreducible_ne_root' depends on axioms: [propext, Classical.choice, Quot.sound]
'Phys.Algebra.cutiI_sq' depends on axioms: [propext, Classical.choice, Quot.sound]
'Phys.Algebra.cutiI_ne_zero' depends on axioms: [propext, Classical.choice, Quot.sound]
'Phys.Algebra.cuti_finrank_eq_two' depends on axioms: [propext, Classical.choice, Quot.sound]
'Phys.Algebra.cuti_surjective_gauss' depends on axioms: [propext, Classical.choice, Quot.sound]
'Phys.Algebra.cutiGauss_sq' depends on axioms: [propext, Classical.choice, Quot.sound]
'Phys.Algebra.cutiMod_sq' depends on axioms: [propext, Classical.choice, Quot.sound]
'Phys.Algebra.cutiMod_nonneg' depends on axioms: [propext, Classical.choice, Quot.sound]
'Phys.Algebra.cutiMod_add_re_nonneg' depends on axioms: [propext, Classical.choice, Quot.sound]
'Phys.Algebra.cutiGauss_isSquare' depends on axioms: [propext, Classical.choice, Quot.sound]
'Phys.Algebra.cuti_isSquare' depends on axioms: [propext, Classical.choice, Quot.sound]
'Phys.Algebra.cuti_quadratic_has_root' depends on axioms: [propext, Classical.choice, Quot.sound]
'Phys.Algebra.cut_no_odd_ext' depends on axioms: [propext, Classical.choice, Quot.sound]
'Phys.Algebra.cut_galois_finrank_two_power' depends on axioms: [propext, Classical.choice, Quot.sound]
'Phys.Algebra.cuti_no_deg_two_ext' depends on axioms: [propext, Classical.choice, Quot.sound]
'Phys.Algebra.cuti_galois_two_group_trivial' depends on axioms: [propext, Classical.choice, Quot.sound]
'Phys.Algebra.cuti_isAlgClosed' depends on axioms: [propext, Classical.choice, Quot.sound]
'Phys.Algebra.cut_irreducible_natDegree_le_two' depends on axioms: [propext, Classical.choice, Quot.sound]
'Phys.Algebra.cut_no_root_factors_negDisc' depends on axioms: [propext, Classical.choice, Quot.sound]
'Phys.Algebra.cut_selfadj_has_eigenvalue' depends on axioms: [propext, Classical.choice, Quot.sound]
'Phys.Algebra.subQuad_injective' depends on axioms: [propext, Classical.choice, Quot.sound]
'Phys.Algebra.subSelfadj_no_pure_quad_charpoly' depends on axioms: [propext, Classical.choice, Quot.sound]
'Phys.Algebra.submodule_selfadj_has_eigenvalue' depends on axioms: [propext, Classical.choice, Quot.sound]
'Phys.Algebra.deflateRestrict_reseed' depends on axioms: [propext, Classical.choice, Quot.sound]
'Phys.Algebra.deflateRestrict_reseed_unit' depends on axioms: [propext, Classical.choice, Quot.sound]
'Phys.Algebra.specOpN_snoc' depends on axioms: [propext, Classical.choice, Quot.sound]
'Phys.Algebra.finrank_inf_uPerp_within' depends on axioms: [propext, Classical.choice, Quot.sound]
'Phys.Algebra.specExists_aux' depends on axioms: [propext, Classical.choice, Quot.sound]
'Phys.Algebra.stvc_selfadj_specExists' depends on axioms: [propext, Classical.choice, Quot.sound]
'Phys.Algebra.specOpN_eigenvector' depends on axioms: [propext, Classical.choice, Quot.sound]
'Phys.Algebra.specOpN_orth_ne_zero' depends on axioms: [propext, Classical.choice, Quot.sound]
'Phys.Algebra.specExists_eigen_nonneg' depends on axioms: [propext, Classical.choice, Quot.sound]
'Phys.Algebra.specExists_eigen_ne_zero' depends on axioms: [propext, Classical.choice, Quot.sound]
'Phys.Algebra.specExists_eigen_pos' depends on axioms: [propext, Classical.choice, Quot.sound]
'Phys.Algebra.comp_specExists_nonneg' depends on axioms: [propext, Classical.choice, Quot.sound]
'Phys.Algebra.comp_op_sqrt_exists' depends on axioms: [propext, Classical.choice, Quot.sound]
'Phys.Algebra.boostGenC_comp_op_sqrt_exists' depends on axioms: [propext, Classical.choice, Quot.sound]
'Phys.Algebra.lid_isEvCSymm' depends on axioms: [propext, Classical.choice, Quot.sound]
'Phys.Algebra.specOpN_one_eq_sum_projC' depends on axioms: [propext, Classical.choice, Quot.sound]
'Phys.Algebra.specOpN_comp_two' depends on axioms: [propext, Classical.choice, Quot.sound]
'Phys.Algebra.stvc_resolution_of_identity' depends on axioms: [propext, Classical.choice, Quot.sound]
'Phys.Algebra.specOpN_inverse' depends on axioms: [propext, Classical.choice, Quot.sound]
'Phys.Algebra.specOpN_inverse_right' depends on axioms: [propext, Classical.choice, Quot.sound]
'Phys.Algebra.stvc_specOpN_const_invertible' depends on axioms: [propext, Classical.choice, Quot.sound]
'Phys.Algebra.injective_idem_eq_id' depends on axioms: [propext, Classical.choice, Quot.sound]
'Phys.Algebra.specOpN_one_idem' depends on axioms: [propext, Classical.choice, Quot.sound]
'Phys.Algebra.specOpN_ker_sub_of_one' depends on axioms: [propext, Classical.choice, Quot.sound]
'Phys.Algebra.specOpN_resolution_of_injective' depends on axioms: [propext, Classical.choice, Quot.sound]
'Phys.Algebra.comp_injective_of_adjoint' depends on axioms: [propext, Classical.choice, Quot.sound]
'Phys.Algebra.comp_specInverse_exists' depends on axioms: [propext, Classical.choice, Quot.sound]
'Phys.Algebra.smulId_isEvCAdjoint' depends on axioms: [propext, Classical.choice, Quot.sound]
'Phys.Algebra.smulId_injective' depends on axioms: [propext, Classical.choice, Quot.sound]
'Phys.Algebra.smulId_comp_specInverse_exists' depends on axioms: [propext, Classical.choice, Quot.sound]
'Phys.Algebra.IsEvCAdjoint.comp' depends on axioms: [propext, Classical.choice, Quot.sound]
'Phys.Algebra.comp_polar_decomposition' depends on axioms: [propext, Classical.choice, Quot.sound]
'Phys.Algebra.smulId_comp_polar_decomposition' depends on axioms: [propext, Classical.choice, Quot.sound]
'Phys.Algebra.sigOpC_comp_self' depends on axioms: [propext, Classical.choice, Quot.sound]
'Phys.Algebra.sigOpC_isEvCAdjoint_self' depends on axioms: [propext, Classical.choice, Quot.sound]
'Phys.Algebra.BvC_eq_EvC_sigOpC' depends on axioms: [propext, Classical.choice, Quot.sound]
'Phys.Algebra.QvC_polariz' depends on axioms: [propext, Classical.choice, Quot.sound]
'Phys.Algebra.EvC_right_nondegen' depends on axioms: [propext, Classical.choice, Quot.sound]
'Phys.Algebra.linIsom_BvC_preserved' depends on axioms: [propext, Classical.choice, Quot.sound]
'Phys.Algebra.linIsom_metric_condition' depends on axioms: [propext, Classical.choice, Quot.sound]
'Phys.Algebra.boostEndC_isQvIsomC' depends on axioms: [propext, Classical.choice, Quot.sound]
'Phys.Algebra.boostEndC_isEvCAdjoint_self' depends on axioms: [propext, Classical.choice, Quot.sound]
'Phys.Algebra.boostEndC_metric_condition' depends on axioms: [propext, Classical.choice, Quot.sound]
'Phys.Algebra.metric_condition_imp_isQvIsom' depends on axioms: [propext, Classical.choice, Quot.sound]
'Phys.Algebra.isEvCAdjoint_right_unique' depends on axioms: [propext, Classical.choice, Quot.sound]
'Phys.Algebra.sigOpC_injective' depends on axioms: [propext, Classical.choice, Quot.sound]
'Phys.Algebra.linIsom_injective' depends on axioms: [propext, Classical.choice, Quot.sound]
'Phys.Algebra.isQvIsom_iff_metric_condition' depends on axioms: [propext, Classical.choice, Quot.sound]
'Phys.Algebra.linIsom_inverse_metric_condition' depends on axioms: [propext, Classical.choice, Quot.sound]
'Phys.Algebra.linIsom_posPart_J_conj_inv' depends on axioms: [propext, Classical.choice, Quot.sound]
'Phys.Algebra.boostEndC_metric_char' depends on axioms: [propext, Classical.choice, Quot.sound]
'Phys.Algebra.boostEndC_inverse_metric_condition' depends on axioms: [propext, Classical.choice, Quot.sound]
'Phys.Algebra.boostEndC_posPart_J_conj_inv' depends on axioms: [propext, Classical.choice, Quot.sound]
'Phys.Algebra.opSqrt_sigOpC_conj' depends on axioms: [propext, Classical.choice, Quot.sound]
'Phys.Algebra.linIsom_JsqrtJ_isOpSqrt' depends on axioms: [propext, Classical.choice, Quot.sound]
'Phys.Algebra.linIsom_posInv_isOpSqrt' depends on axioms: [propext, Classical.choice, Quot.sound]
'Phys.Algebra.linIsom_JpJ_eq_specInv' depends on axioms: [propext, Classical.choice, Quot.sound]
'Phys.Algebra.linIsom_two_opSqrts_of_posInv' depends on axioms: [propext, Classical.choice, Quot.sound]
'Phys.Algebra.boostEndC_two_opSqrts_of_posInv' depends on axioms: [propext, Classical.choice, Quot.sound]
'Phys.Algebra.evC_radical_of_nonneg' depends on axioms: [propext, Classical.choice, Quot.sound]
'Phys.Algebra.evC_RR_eq_scalar' depends on axioms: [propext, Classical.choice, Quot.sound]
'Phys.Algebra.op_sqrt_scalar_unique' depends on axioms: [propext, Classical.choice, Quot.sound]
'Phys.Algebra.op_sqrt_scalar_unique_eq' depends on axioms: [propext, Classical.choice, Quot.sound]
'Phys.Algebra.op_sqrt_scalar_unique_witness' depends on axioms: [propext, Classical.choice, Quot.sound]
'Phys.Algebra.not_op_sqrt_scalar_4_9' depends on axioms: [propext, Classical.choice, Quot.sound]
'Phys.Algebra.evC_shift_injective' depends on axioms: [propext, Classical.choice, Quot.sound]
'Phys.Algebra.linMap_eq_of_resolution' depends on axioms: [propext, Classical.choice, Quot.sound]
'Phys.Algebra.op_sqrt_unique_of_injective' depends on axioms: [propext, Classical.choice, Quot.sound]
'Phys.Algebra.linIsom_JsqrtJ_eq_posInv' depends on axioms: [propext, Classical.choice, Quot.sound]
'Phys.Algebra.isometry_compact_part_isQvIsom' depends on axioms: [propext, Classical.choice, Quot.sound]
'Phys.Algebra.boostEndC_compact_part_isQvIsom' depends on axioms: [propext, Classical.choice, Quot.sound]
'Phys.Algebra.not_op_sqrt_unique_clash' depends on axioms: [propext, Classical.choice, Quot.sound]
'Phys.Algebra.biMulFun_imag_sq' depends on axioms: [propext, Classical.choice, Quot.sound]
'Phys.Algebra.biMulFun_imag_involutive' depends on axioms: [propext, Classical.choice, Quot.sound]
'Phys.Algebra.biMulFun_imag_involutive_comp' depends on axioms: [propext, Classical.choice, Quot.sound]
'Phys.Algebra.biMulFun_imag_negates_one' depends on axioms: [propext, Classical.choice, Quot.sound]
'Phys.Algebra.biMulFun_imag_negates_self' depends on axioms: [propext, Classical.choice, Quot.sound]
'Phys.Algebra.biMulFun_imag_fixes_anticomm' depends on axioms: [propext, Classical.choice, Quot.sound]
'Phys.Algebra.biMulFun_imag_mem_gen2' depends on axioms: [propext, Classical.choice, Quot.sound]
'Phys.Algebra.biMulFun_e2_sq' depends on axioms: [propext, Classical.choice, Quot.sound]
'Phys.Algebra.biMulFun_e2_involutive' depends on axioms: [propext, Classical.choice, Quot.sound]
'Phys.Algebra.biMulFun_e2_fixes_j' depends on axioms: [propext, Classical.choice, Quot.sound]
'Phys.Algebra.biMulFun_e2_mem_gen2' depends on axioms: [propext, Classical.choice, Quot.sound]
'Phys.Algebra.biMulFun_imag_negates_neg_one' depends on axioms: [propext, Classical.choice, Quot.sound]
'Phys.Algebra.biMulComp_fixes_one' depends on axioms: [propext, Classical.choice, Quot.sound]
'Phys.Algebra.biMulComp_negates_u' depends on axioms: [propext, Classical.choice, Quot.sound]
'Phys.Algebra.biMulComp_negates_w' depends on axioms: [propext, Classical.choice, Quot.sound]
'Phys.Algebra.biMulComp_fixes_common' depends on axioms: [propext, Classical.choice, Quot.sound]
'Phys.Algebra.biMulComp_mem_gen2' depends on axioms: [propext, Classical.choice, Quot.sound]
'Phys.Algebra.biMulComp_apply' depends on axioms: [propext, Classical.choice, Quot.sound]
'Phys.Algebra.je2_imag' depends on axioms: [propext, Classical.choice, Quot.sound]
'Phys.Algebra.je2_alt' depends on axioms: [propext, Classical.choice, Quot.sound]
'Phys.Algebra.je2_sq' depends on axioms: [propext, Classical.choice, Quot.sound]
'Phys.Algebra.je2_gFormC_self' depends on axioms: [propext, Classical.choice, Quot.sound]
'Phys.Algebra.e2_je2_anticomm' depends on axioms: [propext, Classical.choice, Quot.sound]
'Phys.Algebra.biMulComp_e2_je2_fixes_one' depends on axioms: [propext, Classical.choice, Quot.sound]
'Phys.Algebra.biMulComp_e2_je2_negates_e2' depends on axioms: [propext, Classical.choice, Quot.sound]
'Phys.Algebra.biMulComp_e2_je2_mem_gen2' depends on axioms: [propext, Classical.choice, Quot.sound]
'Phys.Algebra.specPathOp_zero' depends on axioms: [propext, Classical.choice, Quot.sound]
'Phys.Algebra.specPathOp_one' depends on axioms: [propext, Classical.choice, Quot.sound]
'Phys.Algebra.specPathOp_isEvCSymm' depends on axioms: [propext, Classical.choice, Quot.sound]
'Phys.Algebra.specPathOp_nonneg' depends on axioms: [propext, Classical.choice, Quot.sound]
'Phys.Algebra.specPathOp_connects' depends on axioms: [propext, Classical.choice, Quot.sound]
'Phys.Algebra.specPathOp_mix4_witness' depends on axioms: [propext, Classical.choice, Quot.sound]
'Phys.Algebra.specPathOp_mix4_mid_read' depends on axioms: [propext, Classical.choice, Quot.sound]
'Phys.Algebra.isometry_polar_path_decomp' depends on axioms: [propext, Classical.choice, Quot.sound]
'Phys.Algebra.boost_polar_path_decomp' depends on axioms: [propext, Classical.choice, Quot.sound]
'Phys.Algebra.boost_polar_recon_coord' depends on axioms: [propext, Classical.choice, Quot.sound]
'Phys.Algebra.biMulFun_distinct_swap_one' depends on axioms: [propext, Classical.choice, Quot.sound]
'Phys.Algebra.biMulFun_distinct_swap_prod' depends on axioms: [propext, Classical.choice, Quot.sound]
'Phys.Algebra.biMulFun_distinct_prod_born' depends on axioms: [propext, Classical.choice, Quot.sound]
'Phys.Algebra.biMulFun_distinct_mem_gen2' depends on axioms: [propext, Classical.choice, Quot.sound]
'Phys.Algebra.biMulFun_distinct_order2_one' depends on axioms: [propext, Classical.choice, Quot.sound]
'Phys.Algebra.biMulFun_e2je2_offaxis' depends on axioms: [propext, Classical.choice, Quot.sound]
'Phys.Algebra.biMulFun_e2je2_swap_coord' depends on axioms: [propext, Classical.choice, Quot.sound]
'Phys.Algebra.biMulFun_e2je2_distinct_mem' depends on axioms: [propext, Classical.choice, Quot.sound]
'Phys.Algebra.biMulFun_e2je2_order2_one' depends on axioms: [propext, Classical.choice, Quot.sound]
'Phys.Algebra.endToFunEnd' depends on axioms: [propext, Classical.choice, Quot.sound]
'Phys.Algebra.endToFunEnd_apply' depends on axioms: [propext, Classical.choice, Quot.sound]
'Phys.Algebra.endToFunEnd_injective' depends on axioms: [propext, Classical.choice, Quot.sound]
'Phys.Algebra.endToFunEnd_mem_qvIsomMonoidC_iff' depends on axioms: [propext, Classical.choice, Quot.sound]
'Phys.Algebra.biMulLin' depends on axioms: [propext, Classical.choice, Quot.sound]
'Phys.Algebra.endToFunEnd_biMulLin' depends on axioms: [propext, Classical.choice, Quot.sound]
'Phys.Algebra.biMulLin_mem_gen2' depends on axioms: [propext, Classical.choice, Quot.sound]
'Phys.Algebra.isometry_compact_part_mem_qvIsomMonoidC' depends on axioms: [propext, Classical.choice, Quot.sound]
'Phys.Algebra.boost_compact_part_mem_qvIsomMonoidC' depends on axioms: [propext, Classical.choice, Quot.sound]
'Phys.Algebra.endToFunEnd_biMulLin_e2_coord' depends on axioms: [propext, Classical.choice, Quot.sound]
'Phys.Algebra.biMulGenSetLin' depends on axioms: [propext, Classical.choice, Quot.sound]
'Phys.Algebra.genIsomMonoidLin' depends on axioms: [propext, Classical.choice, Quot.sound]
'Phys.Algebra.biMulGenSetLin_image_subset' depends on axioms: [propext, Classical.choice, Quot.sound]
'Phys.Algebra.endToFunEnd_genIsomMonoidLin_mem_gen2' depends on axioms: [propext, Classical.choice, Quot.sound]
'Phys.Algebra.endToFunEnd_map_genIsomMonoidLin_le' depends on axioms: [propext, Classical.choice, Quot.sound]
'Phys.Algebra.genTwoPlaneLin' depends on axioms: [propext, Classical.choice, Quot.sound]
'Phys.Algebra.genTwoPlaneLin_apply' depends on axioms: [propext, Classical.choice, Quot.sound]
'Phys.Algebra.endToFunEnd_genTwoPlaneLin' depends on axioms: [propext, Classical.choice, Quot.sound]
'Phys.Algebra.genTwoPlaneLin_mem_genLin' depends on axioms: [propext, Classical.choice, Quot.sound]
'Phys.Algebra.genTwoPlaneLin_mem_gen2' depends on axioms: [propext, Classical.choice, Quot.sound]
'Phys.Algebra.genTwoPlaneLin_e2je2_fixes_one' depends on axioms: [propext, Classical.choice, Quot.sound]
'Phys.Algebra.genTwoPlaneLin_e2je2_real_coord' depends on axioms: [propext, Classical.choice, Quot.sound]
'Phys.Algebra.boostEndC_nonneg' depends on axioms: [propext, Classical.choice, Quot.sound]
'Phys.Algebra.boostEndC_compact_part_eq_id' depends on axioms: [propext, Classical.choice, Quot.sound]
'Phys.Algebra.boostEndC_compact_part_mem_genLin' depends on axioms: [propext, Classical.choice, Quot.sound]
'Phys.Algebra.boostEndC_compact_part_mem_gen2' depends on axioms: [propext, Classical.choice, Quot.sound]
'Phys.Algebra.boostEndC_5343_compact_part_id_coord' depends on axioms: [propext, Classical.choice, Quot.sound]
'Phys.Algebra.biMulLin_imag_isQvIsomC' depends on axioms: [propext, Classical.choice, Quot.sound]
'Phys.Algebra.biMulLin_imag_involutive' depends on axioms: [propext, Classical.choice, Quot.sound]
'Phys.Algebra.biMulLin_apply_coord' depends on axioms: [propext, Classical.choice, Quot.sound]
'Phys.Algebra.biMulLin_imag_polarized_isom' depends on axioms: [propext, Classical.choice, Quot.sound]
'Phys.Algebra.biMulLin_imag_isEvCAdjoint_self' depends on axioms: [propext, Classical.choice, Quot.sound]
'Phys.Algebra.biMulLin_imag_compact_part_eq_self' depends on axioms: [propext, Classical.choice, Quot.sound]
'Phys.Algebra.biMulLin_imag_compact_part_mem_genLin' depends on axioms: [propext, Classical.choice, Quot.sound]
'Phys.Algebra.biMulLin_imag_compact_part_mem_gen2' depends on axioms: [propext, Classical.choice, Quot.sound]
'Phys.Algebra.biMulLin_e2_compact_part_neg_coord' depends on axioms: [propext, Classical.choice, Quot.sound]
'Phys.Algebra.genTwoPlaneLin_isQvIsomC' depends on axioms: [propext, Classical.choice, Quot.sound]
'Phys.Algebra.genTwoPlaneLin_isEvCAdjoint' depends on axioms: [propext, Classical.choice, Quot.sound]
'Phys.