⚠ [3319/3679] Replayed Phys.Foundation.ContinuumFieldMul
warning: Phys/Foundation/ContinuumFieldMul.lean:206:26: unused variable `hq0`

Note: This linter can be disabled with `set_option linter.unusedVariables false`
⚠ [3320/3679] Replayed Phys.Foundation.ContinuumFieldRing
warning: Phys/Foundation/ContinuumFieldRing.lean:50:2: `push_neg` has been deprecated. Prefer using `push Not` instead.
If you'd rather continue using `push_neg` in your project, you can implement it as follows:
```
open Lean.Parser.Tactic in
macro "push_neg" cfg:optConfig loc:(location)? : tactic =>
  `(tactic| push $cfg:optConfig Not $[$loc]?)
```
warning: Phys/Foundation/ContinuumFieldRing.lean:123:39: unused variable `hx`

Note: This linter can be disabled with `set_option linter.unusedVariables false`
warning: Phys/Foundation/ContinuumFieldRing.lean:123:52: unused variable `hy`

Note: This linter can be disabled with `set_option linter.unusedVariables false`
warning: Phys/Foundation/ContinuumFieldRing.lean:123:65: unused variable `hz`

Note: This linter can be disabled with `set_option linter.unusedVariables false`
warning: Phys/Foundation/ContinuumFieldRing.lean:164:41: unused variable `hx`

Note: This linter can be disabled with `set_option linter.unusedVariables false`
warning: Phys/Foundation/ContinuumFieldRing.lean:364:19: This simp argument is unused:
  mul_neg

Hint: Omit it from the simp argument list.
  simp only [̵m̵u̵l̵_̵n̵e̵g̵,̵ ̵n̵e̵g̵_̵m̵u̵l̵,̵[̲n̲e̲g̲_̲m̲u̲l̲,̲ mul_assoc_nn hu hy hz]

Note: This linter can be disabled with `set_option linter.unusedSimpArgs false`
⚠ [3322/3679] Replayed Phys.Cascade.ComplexUnit
warning: Phys/Cascade/ComplexUnit.lean:332:57: Try `simp at this` instead of `simpa using this`

Note: This linter can be disabled with `set_option linter.unnecessarySimpa false`
warning: Phys/Cascade/ComplexUnit.lean:358:19: Used `tac1 <;> tac2` where `(tac1; tac2)` would suffice

Note: This linter can be disabled with `set_option linter.unnecessarySeqFocus false`
warning: Phys/Cascade/ComplexUnit.lean:366:70: Try `simp at this` instead of `simpa using this`

Note: This linter can be disabled with `set_option linter.unnecessarySimpa false`
⚠ [3323/3679] Replayed Phys.Cascade.Double
warning: Phys/Cascade/Double.lean:122:67: Used `tac1 <;> tac2` where `(tac1; tac2)` would suffice

Note: This linter can be disabled with `set_option linter.unnecessarySeqFocus false`
⚠ [3326/3679] Replayed Phys.Cascade.Sedenion
warning: Phys/Cascade/Sedenion.lean:107:55: Try `simp at this` instead of `simpa using this`

Note: This linter can be disabled with `set_option linter.unnecessarySimpa false`
warning: Phys/Cascade/Sedenion.lean:115:55: Try `simp at this` instead of `simpa using this`

Note: This linter can be disabled with `set_option linter.unnecessarySimpa false`
⚠ [3327/3679] Replayed Phys.Cascade.ForcedStop
warning: Phys/Cascade/ForcedStop.lean:443:34: This simp argument is unused:
  zero_add

Hint: Omit it from the simp argument list.
  simp only [bilin, mul_re, zero_re, zero_im, star_re, star_im, star_zero, zero_mul, mul_zero,
  ̲  ̲ ̲ ̲add_zero, z̵e̵r̵o̵_̵a̵d̵d̵,̵ ̵neg_zero, add_re]

Note: This linter can be disabled with `set_option linter.unusedSimpArgs false`
warning: Phys/Cascade/ForcedStop.lean:502:20: This simp argument is unused:
  star_add

Hint: Omit it from the simp argument list.
  simp only [star_star, mul_re, mul_im, star_re, star_im, add_re, add_im,
  ̵  ̵ ̵ ̵neg_re, neg_im,
  ̲ s̵t̵a̵r̵_̵a̵d̵d̵,̵  ̲ ̲star_neg, star_mul', neg_mul, mul_neg, neg_neg]

Note: This linter can be disabled with `set_option linter.unusedSimpArgs false`
warning: Phys/Cascade/ForcedStop.lean:502:40: This simp argument is unused:
  star_mul'

Hint: Omit it from the simp argument list.
  simp only [star_star, mul_re, mul_im, star_re, star_im, add_re, add_im,
  ̵  ̵ ̵ ̵neg_re, neg_im,
  ̲  ̲ ̲ ̲star_add, star_neg, s̵t̵a̵r̵_̵m̵u̵l̵'̵,̵ ̵neg_mul, mul_neg, neg_neg]

Note: This linter can be disabled with `set_option linter.unusedSimpArgs false`
warning: Phys/Cascade/ForcedStop.lean:511:4: This simp argument is unused:
  zero_re

Hint: Omit it from the simp argument list.
  simp only [iota, mul_re, mul_im, star_re, star_im, add_re, add_im, neg_re, neg_im,
      zero_r̵e̵,̵ ̵z̵e̵r̵o̵_̵im, star_add, star_neg, star_mul', star_star, neg_mul, mul_neg, neg_neg, ̲a̲d̲d̲_̲m̲u̲l̲,̲ ̲m̲u̲l̲_̲a̲d̲d̲,̲
      a̵d̵d̵_̵m̵u̵l̵,̵ ̵m̵u̵l̵_̵a̵d̵d̵,̵ ̵zero_mul, mul_zero, zero_add, add_zero, star_zero, neg_zero, sub_zero]

Note: This linter can be disabled with `set_option linter.unusedSimpArgs false`
warning: Phys/Cascade/ForcedStop.lean:511:13: This simp argument is unused:
  zero_im

Hint: Omit it from the simp argument list.
  simp only [iota, mul_re, mul_im, star_re, star_im, add_re, add_im, neg_re, neg_im,
      zero_re, z̵e̵r̵o̵_̵i̵m̵,̵ ̵star_add, star_neg, star_mul', star_star, neg_mul, mul_neg, neg_neg, ̲a̲d̲d̲_̲m̲u̲l̲,̲ ̲m̲u̲l̲_̲a̲d̲d̲,̲
      a̵d̵d̵_̵m̵u̵l̵,̵ ̵m̵u̵l̵_̵a̵d̵d̵,̵ ̵zero_mul, mul_zero, zero_add, add_zero, star_zero, neg_zero, sub_zero]

Note: This linter can be disabled with `set_option linter.unusedSimpArgs false`
warning: Phys/Cascade/ForcedStop.lean:512:42: This simp argument is unused:
  zero_add

Hint: Omit it from the simp argument list.
  simp only [iota, mul_re, mul_im, star_re, star_im, add_re, add_im, neg_re, neg_im,
      zero_re, zero_im, star_add, star_neg, star_mul', star_star, neg_mul, mul_neg, neg_neg, add_mul,
  ̲  ̲ ̲ ̲mul_add, zero_mul, mul_zero, z̵e̵r̵o̵_̵a̵d̵d̵,̵ ̵add_zero, star_zero, neg_zero, sub_zero]

Note: This linter can be disabled with `set_option linter.unusedSimpArgs false`
warning: Phys/Cascade/ForcedStop.lean:512:62: This simp argument is unused:
  star_zero

Hint: Omit it from the simp argument list.
  simp only [iota, mul_re, mul_im, star_re, star_im, add_re, add_im, neg_re, neg_im,
      zero_re, zero_im, star_add, star_neg, star_mul', star_star, neg_mul, mul_neg, neg_neg, ̲a̲d̲d̲_̲m̲u̲l̲,̲
      a̵d̵d̵_̵mul,̵ ̵m̵u̵l̵_add, zero_mul, mul_zero, zero_̵a̵d̵d̵_̲a̲d̲d̲, ad̵d̵d̲d̲_zero, s̵t̵a̵r̵_̵z̵e̵r̵o̵,̵ ̵neg_zero, sub_zero]

Note: This linter can be disabled with `set_option linter.unusedSimpArgs false`
warning: Phys/Cascade/ForcedStop.lean:512:83: This simp argument is unused:
  sub_zero

Hint: Omit it from the simp argument list.
  simp only [iota, mul_re, mul_im, star_re, star_im, add_re, add_im, neg_re, neg_im,
      zero_re, zero_im, star_add, star_neg, star_mul', star_star, neg_mul, mul_neg, neg_neg,
  ̵  ̵ ̵ ̵add_mul,
  ̲  ̲ ̲ ̲mul_add, zero_mul, mul_zero, zero_add, add_zero, star_zero, neg_zero,̵ ̵s̵u̵b̵_̵z̵e̵r̵o̵]

Note: This linter can be disabled with `set_option linter.unusedSimpArgs false`
warning: Phys/Cascade/ForcedStop.lean:672:34: This simp argument is unused:
  CD.add_im

Hint: Omit it from the simp argument list.
  simp only [CD.Nrm, CD.add_re, CD.a̵d̵d̵_̵i̵m,̵ ̵C̵D̵.̵m̵ul_re, CD.mul_im, CD.star_re, CD.star_im,
  ̵  ̵ ̵ ̵ ̵ ̵CD.neg_re,
  ̲  ̲ ̲ ̲ ̲ ̲CD.neg_im, Dbl.add_re, Dbl.add_im, Dbl.mul_re, Dbl.mul_im,
  ̵  ̵ ̵ ̵ ̵ ̵Dbl.star_re', Dbl.star_im',
  ̲  ̲ ̲ ̲ ̲ ̲Dbl.neg_re, Dbl.neg_im]

Note: This linter can be disabled with `set_option linter.unusedSimpArgs false`
warning: Phys/Cascade/ForcedStop.lean:672:56: This simp argument is unused:
  CD.mul_im

Hint: Omit it from the simp argument list.
  simp only [CD.Nrm, CD.add_re, CD.add_im, CD.mul_re, CD.m̵u̵l̵_̵i̵m̵,̵ ̵C̵D̵.̵star_re, CD.star_im,
  ̵  ̵ ̵ ̵ ̵ ̵CD.neg_re,
  ̲  ̲ ̲ ̲ ̲ ̲CD.neg_im, Dbl.add_re, Dbl.add_im, Dbl.mul_re, Dbl.mul_im,
  ̵  ̵ ̵ ̵ ̵ ̵Dbl.star_re', Dbl.star_im',
  ̲  ̲ ̲ ̲ ̲ ̲Dbl.neg_re, Dbl.neg_im]

Note: This linter can be disabled with `set_option linter.unusedSimpArgs false`
warning: Phys/Cascade/ForcedStop.lean:673:40: This simp argument is unused:
  Dbl.add_im

Hint: Omit it from the simp argument list.
  simp only [CD.Nrm, CD.add_re, CD.add_im, CD.mul_re, CD.mul_im, CD.star_re, CD.star_im,
        CD.neg_re, CD.neg_im, Dbl.add_re, D̵b̵l̵.̵a̵d̵d̵_̵i̵m̵,̵ ̵Dbl.mul_re, Dbl.mul_im, Dbl.star_re', Dbl.star_im',
  ̲  ̲ ̲ ̲ ̲ ̲Dbl.neg_re, Dbl.neg_im]

Note: This linter can be disabled with `set_option linter.unusedSimpArgs false`
warning: Phys/Cascade/ForcedStop.lean:673:64: This simp argument is unused:
  Dbl.mul_im

Hint: Omit it from the simp argument list.
  simp only [CD.Nrm, CD.add_re, CD.add_im, CD.mul_re, CD.mul_im, CD.star_re, CD.star_im,
        CD.neg_re, CD.neg_im, Dbl.add_re, Dbl.add_im, Dbl.mul_re, Dbl.m̵u̵l̵_̵i̵m̵,̵
  ̵ ̵ ̵ ̵ ̵ ̵ ̵D̵b̵l̵.̵star_re', Dbl.star_im',
  ̲  ̲ ̲ ̲ ̲ ̲Dbl.neg_re, Dbl.neg_im]

Note: This linter can be disabled with `set_option linter.unusedSimpArgs false`
⚠ [3328/3679] Replayed Phys.Algebra.Operator
warning: Phys/Algebra/Operator.lean:116:41: This simp argument is unused:
  mul_add

Hint: Omit it from the simp argument list.
  simp [mul_re, mul_im, add_mul, m̵u̵l̵_̵a̵d̵d̵,̵ ̵star_add]

Note: This linter can be disabled with `set_option linter.unusedSimpArgs false`
warning: Phys/Algebra/Operator.lean:116:50: This simp argument is unused:
  star_add

Hint: Omit it from the simp argument list.
  simp [mul_re, mul_im, add_mul, mul_add,̵ ̵s̵t̵a̵r̵_̵a̵d̵d̵]

Note: This linter can be disabled with `set_option linter.unusedSimpArgs false`
warning: Phys/Algebra/Operator.lean:116:64: 'abel' tactic does nothing

Note: This linter can be disabled with `set_option linter.unusedTactic false`
warning: Phys/Algebra/Operator.lean:116:64: this tactic is never executed

Note: This linter can be disabled with `set_option linter.unreachableTactic false`
warning: Phys/Algebra/Operator.lean:232:43: This simp argument is unused:
  CD.mul_im

Hint: Omit it from the simp argument list.
  simp [CD.e2, CD.iota, CD.mul_re, CD.m̵u̵l̵_̵i̵m̵,̵ ̵C̵D̵.̵star_re, CD.star_im,
  ̵  ̵ ̵ ̵CD.add_re, CD.add_im, Dbl.mul_re,
  ̲  ̲ ̲ ̲Dbl.mul_im, Dbl.star_re', Dbl.star_im']

Note: This linter can be disabled with `set_option linter.unusedSimpArgs false`
warning: Phys/Algebra/Operator.lean:233:15: This simp argument is unused:
  CD.add_im

Hint: Omit it from the simp argument list.
  simp [CD.e2, CD.iota, CD.mul_re, CD.mul_im, CD.star_re, CD.star_im,
  ̵  ̵ ̵ ̵CD.add_re, C̵D.̵a̵d̵d̵_̵i̵m̵,̵ ̵D̵bl.mul_re,
  ̲  ̲ ̲ ̲Dbl.mul_im, Dbl.star_re', Dbl.star_im']

Note: This linter can be disabled with `set_option linter.unusedSimpArgs false`
warning: Phys/Algebra/Operator.lean:233:26: This simp argument is unused:
  Dbl.mul_re

Hint: Omit it from the simp argument list.
  simp [CD.e2, CD.iota, CD.mul_re, CD.mul_im, CD.star_re, CD.star_im,
  ̵  ̵ ̵ ̵CD.add_re, CD.add_im,
  ̲ D̵b̵l̵.̵m̵u̵l̵_̵r̵e̵,̵  ̲ ̲Dbl.mul_im, Dbl.star_re', Dbl.star_im']

Note: This linter can be disabled with `set_option linter.unusedSimpArgs false`
warning: Phys/Algebra/Operator.lean:233:38: This simp argument is unused:
  Dbl.mul_im

Hint: Omit it from the simp argument list.
  simp [CD.e2, CD.iota, CD.mul_re, CD.mul_im, CD.star_re, CD.star_im, CD.add_re, CD.add_im,
  ̲  ̲ ̲ ̲Dbl.mul_re, D̵b̵l̵.̵m̵u̵l̵_̵i̵m̵,̵ ̵Dbl.star_re', Dbl.star_im']

Note: This linter can be disabled with `set_option linter.unusedSimpArgs false`
warning: Phys/Algebra/Operator.lean:233:50: This simp argument is unused:
  Dbl.star_re'

Hint: Omit it from the simp argument list.
  simp [CD.e2, CD.iota, CD.mul_re, CD.mul_im, CD.star_re, CD.star_im, CD.add_re, CD.add_im,
  ̲  ̲ ̲ ̲Dbl.mul_re, Dbl.mul_im, D̵b̵l̵.̵s̵t̵a̵r̵_̵r̵e̵'̵,̵ ̵Dbl.star_im']

Note: This linter can be disabled with `set_option linter.unusedSimpArgs false`
warning: Phys/Algebra/Operator.lean:233:64: This simp argument is unused:
  Dbl.star_im'

Hint: Omit it from the simp argument list.
  simp [CD.e2, CD.iota, CD.mul_re, CD.mul_im, CD.star_re, CD.star_im, CD.add_re, CD.add_im,
  ̲  ̲ ̲ ̲Dbl.mul_re, Dbl.mul_im, D̵b̵l̵.̵s̵t̵a̵r̵_̵r̵e̵'̵,̵ ̵D̵b̵l̵.̵s̵t̵a̵r̵_̵i̵m̵'̵]̵D̲b̲l̲.̲s̲t̲a̲r̲_̲r̲e̲'̲]̲

Note: This linter can be disabled with `set_option linter.unusedSimpArgs false`
warning: Phys/Algebra/Operator.lean:249:16: This simp argument is unused:
  CD.mul_re

Hint: Omit it from the simp argument list.
  simp [CD.mul_r̵e̵,̵ ̵C̵D̵.̵m̵u̵l̵_̵im]

Note: This linter can be disabled with `set_option linter.unusedSimpArgs false`
warning: Phys/Algebra/Operator.lean:249:27: This simp argument is unused:
  CD.mul_im

Hint: Omit it from the simp argument list.
  simp [CD.mul_re,̵ ̵C̵D̵.̵m̵u̵l̵_̵i̵m̵]

Note: This linter can be disabled with `set_option linter.unusedSimpArgs false`
⚠ [3329/3679] Replayed Phys.Algebra.GeneratedModule
warning: Phys/Algebra/GeneratedModule.lean:82:0: automatically included section variable(s) unused in theorem `Phys.Algebra.iota_one`:
  [StarRing B]
consider restructuring your `variable` declarations so that the variables are not in scope or explicitly omit them:
  omit [StarRing B] in theorem ...

Note: This linter can be disabled with `set_option linter.unusedSectionVars false`
warning: Phys/Algebra/GeneratedModule.lean:85:0: automatically included section variable(s) unused in theorem `Phys.Algebra.iota_zero`:
  [StarRing B]
consider restructuring your `variable` declarations so that the variables are not in scope or explicitly omit them:
  omit [StarRing B] in theorem ...

Note: This linter can be disabled with `set_option linter.unusedSectionVars false`
warning: Phys/Algebra/GeneratedModule.lean:128:0: Definition `Phys.Algebra.genModule` of class type must be marked with `@[reducible]` or `@[implicit_reducible]`
warning: Phys/Algebra/GeneratedModule.lean:216:42: This simp argument is unused:
  CD.mul_im

Hint: Omit it from the simp argument list.
  simp only [bilin, CD.add_re, CD.mul_re, CD.m̵u̵l̵_̵i̵m̵,̵ ̵C̵D̵.̵star_re, CD.star_im, CD.neg_re,
  ̵  ̵ ̵ ̵CD.neg_im, Dbl.add_re,
  ̲  ̲ ̲ ̲Dbl.add_im, Dbl.mul_re, Dbl.mul_im, Dbl.star_re', Dbl.star_im',
  ̵  ̵ ̵ ̵Dbl.neg_re, Dbl.neg_im]

Note: This linter can be disabled with `set_option linter.unusedSimpArgs false`
warning: Phys/Algebra/GeneratedModule.lean:217:27: This simp argument is unused:
  Dbl.add_im

Hint: Omit it from the simp argument list.
  simp only [bilin, CD.add_re, CD.mul_re, CD.mul_im, CD.star_re, CD.star_im, CD.neg_re, CD.neg_im,
  ̲  ̲ ̲ ̲Dbl.add_re, D̵b̵l̵.̵a̵d̵d̵_̵i̵m̵,̵ ̵Dbl.mul_re, Dbl.mul_im, Dbl.star_re', Dbl.star_im', Dbl.neg_re, Dbl.neg_im]

Note: This linter can be disabled with `set_option linter.unusedSimpArgs false`
warning: Phys/Algebra/GeneratedModule.lean:217:51: This simp argument is unused:
  Dbl.mul_im

Hint: Omit it from the simp argument list.
  simp only [bilin, CD.add_re, CD.mul_re, CD.mul_im, CD.star_re, CD.star_im, CD.neg_re, CD.neg_im,
  ̲  ̲ ̲ ̲Dbl.add_re, Dbl.add_im, Dbl.mul_re, D̵b̵l̵.̵m̵u̵l̵_̵i̵m̵,̵ ̵Dbl.star_re', Dbl.star_im', Dbl.neg_re, Dbl.neg_im]

Note: This linter can be disabled with `set_option linter.unusedSimpArgs false`
warning: Phys/Algebra/GeneratedModule.lean:223:42: This simp argument is unused:
  CD.mul_im

Hint: Omit it from the simp argument list.
  simp only [bilin, CD.add_re, CD.mul_re, CD.m̵u̵l̵_̵i̵m̵,̵ ̵C̵D̵.̵star_re, CD.star_im, CD.neg_re,
  ̵  ̵ ̵ ̵CD.neg_im, Dbl.add_re,
  ̲  ̲ ̲ ̲Dbl.add_im, Dbl.mul_re, Dbl.mul_im, Dbl.star_re', Dbl.star_im',
  ̵  ̵ ̵ ̵Dbl.neg_re, Dbl.neg_im]

Note: This linter can be disabled with `set_option linter.unusedSimpArgs false`
warning: Phys/Algebra/GeneratedModule.lean:224:15: This simp argument is unused:
  Dbl.add_re

Hint: Omit it from the simp argument list.
  simp only [bilin, CD.add_re, CD.mul_re, CD.mul_im, CD.star_re, CD.star_im, CD.neg_re, CD.neg_im,
  ̲  ̲ ̲ ̲D̵b̵l̵.̵a̵d̵d̵_̵r̵e̵,̵ ̵Dbl.add_im, Dbl.mul_re, Dbl.mul_im, Dbl.star_re', Dbl.star_im', Dbl.neg_re, Dbl.neg_im]

Note: This linter can be disabled with `set_option linter.unusedSimpArgs false`
warning: Phys/Algebra/GeneratedModule.lean:224:39: This simp argument is unused:
  Dbl.mul_re

Hint: Omit it from the simp argument list.
  simp only [bilin, CD.add_re, CD.mul_re, CD.mul_im, CD.star_re, CD.star_im, CD.neg_re, CD.neg_im,
  ̲  ̲ ̲ ̲Dbl.add_re, Dbl.add_im, D̵b̵l̵.̵m̵u̵l̵_̵r̵e̵,̵ ̵Dbl.mul_im, Dbl.star_re', Dbl.star_im', Dbl.neg_re, Dbl.neg_im]

Note: This linter can be disabled with `set_option linter.unusedSimpArgs false`
warning: Phys/Algebra/GeneratedModule.lean:231:38: This simp argument is unused:
  Dbl.add_im

Hint: Omit it from the simp argument list.
  simp only [bilin, CD.add_re, CD.add_im, CD.mul_re, CD.mul_im, CD.star_re, CD.star_im,
  ̵  ̵ ̵ ̵CD.neg_re,
  ̲  ̲ ̲ ̲CD.neg_im, Dbl.add_re, Dbl.a̵d̵d̵_̵i̵m,̵ ̵D̵b̵l̵.̵m̵ul_re, Dbl.mul_im, Dbl.star_re',
  ̵  ̵ ̵ ̵Dbl.star_im', Dbl.neg_re,
  ̲  ̲ ̲ ̲Dbl.neg_im]

Note: This linter can be disabled with `set_option linter.unusedSimpArgs false`
warning: Phys/Algebra/GeneratedModule.lean:231:62: This simp argument is unused:
  Dbl.mul_im

Hint: Omit it from the simp argument list.
  simp only [bilin, CD.add_re, CD.add_im, CD.mul_re, CD.mul_im, CD.star_re, CD.star_im,
  ̵  ̵ ̵ ̵CD.neg_re,
  ̲  ̲ ̲ ̲CD.neg_im, Dbl.add_re, Dbl.add_im, Dbl.mul_re, Dbl.m̵u̵l̵_̵i̵m̵,̵ ̵D̵b̵l̵.̵star_re',
  ̵  ̵ ̵ ̵Dbl.star_im', Dbl.neg_re,
  ̲  ̲ ̲ ̲Dbl.neg_im]

Note: This linter can be disabled with `set_option linter.unusedSimpArgs false`
warning: Phys/Algebra/GeneratedModule.lean:238:26: This simp argument is unused:
  Dbl.add_re

Hint: Omit it from the simp argument list.
  simp only [bilin, CD.add_re, CD.add_im, CD.mul_re, CD.mul_im, CD.star_re, CD.star_im,
  ̵  ̵ ̵ ̵CD.neg_re,
  ̲  ̲ ̲ ̲CD.neg_im, Dbl.add_r̵e̵,̵ ̵D̵b̵l̵.̵a̵d̵d̵_̵im, Dbl.mul_re, Dbl.mul_im, Dbl.star_re',
  ̵  ̵ ̵ ̵Dbl.star_im', Dbl.neg_re,
  ̲  ̲ ̲ ̲Dbl.neg_im]

Note: This linter can be disabled with `set_option linter.unusedSimpArgs false`
warning: Phys/Algebra/GeneratedModule.lean:238:50: This simp argument is unused:
  Dbl.mul_re

Hint: Omit it from the simp argument list.
  simp only [bilin, CD.add_re, CD.add_im, CD.mul_re, CD.mul_im, CD.star_re, CD.star_im,
  ̵  ̵ ̵ ̵CD.neg_re,
  ̲  ̲ ̲ ̲CD.neg_im, Dbl.add_re, Dbl.add_im, Dbl.mul_r̵e̵,̵ ̵D̵b̵l̵.̵m̵u̵l̵_̵im, Dbl.star_re',
  ̵  ̵ ̵ ̵Dbl.star_im', Dbl.neg_re,
  ̲  ̲ ̲ ̲Dbl.neg_im]

Note: This linter can be disabled with `set_option linter.unusedSimpArgs false`
warning: Phys/Algebra/GeneratedModule.lean:300:29: This simp argument is unused:
  CD.mul_re

Hint: Omit it from the simp argument list.
  simp only [CD.e2, CD.iota, CD.mul_r̵e̵,̵ ̵C̵D̵.̵m̵u̵l̵_̵im, CD.star_re, CD.star_im,
  ̵  ̵ ̵ ̵CD.add_re, CD.add_im, CD.neg_re,
  ̲  ̲ ̲ ̲CD.neg_im, CD.zero_re, CD.zero_im, CD.one_re, CD.one_im,
  ̵  ̵ ̵ ̵Dbl.mul_re, Dbl.mul_im, Dbl.star_re',
  ̲  ̲ ̲ ̲Dbl.star_im', Dbl.add_re, Dbl.add_im,
  ̵  ̵ ̵ ̵Dbl.neg_re, Dbl.neg_im, Dbl.zero_re, Dbl.zero_im,
  ̲  ̲ ̲ ̲Dbl.one_re, Dbl.one_im,
  ̵  ̵ ̵ ̵mul_zero, mul_one, zero_mul, one_mul, add_zero, zero_add, neg_zero,
  ̲  ̲ ̲ ̲neg_neg] at hc

Note: This linter can be disabled with `set_option linter.unusedSimpArgs false`
warning: Phys/Algebra/GeneratedModule.lean:300:51: This simp argument is unused:
  CD.star_re

Hint: Omit it from the simp argument list.
  simp only [CD.e2, CD.iota, CD.mul_re, CD.mul_im, CD.star_r̵e̵,̵ ̵C̵D̵.̵s̵t̵a̵r̵_̵im,
  ̵  ̵ ̵ ̵CD.add_re, CD.add_im, CD.neg_re,
  ̲  ̲ ̲ ̲CD.neg_im, CD.zero_re, CD.zero_im, CD.one_re, CD.one_im,
  ̵  ̵ ̵ ̵Dbl.mul_re, Dbl.mul_im, Dbl.star_re',
  ̲  ̲ ̲ ̲Dbl.star_im', Dbl.add_re, Dbl.add_im,
  ̵  ̵ ̵ ̵Dbl.neg_re, Dbl.neg_im, Dbl.zero_re, Dbl.zero_im,
  ̲  ̲ ̲ ̲Dbl.one_re, Dbl.one_im,
  ̵  ̵ ̵ ̵mul_zero, mul_one, zero_mul, one_mul, add_zero, zero_add, neg_zero,
  ̲  ̲ ̲ ̲neg_neg] at hc

Note: This linter can be disabled with `set_option linter.unusedSimpArgs false`
warning: Phys/Algebra/GeneratedModule.lean:301:4: This simp argument is unused:
  CD.add_re

Hint: Omit it from the simp argument list.
  simp only [CD.e2, CD.iota, CD.mul_re, CD.mul_im, CD.star_re, CD.star_im,
  ̵  ̵ ̵ ̵CD.add_r̵e̵,̵ ̵C̵D̵.̵a̵d̵d̵_̵im, CD.neg_re,
  ̲  ̲ ̲ ̲CD.neg_im, CD.zero_re, CD.zero_im, CD.one_re, CD.one_im,
  ̵  ̵ ̵ ̵Dbl.mul_re, Dbl.mul_im, Dbl.star_re',
  ̲  ̲ ̲ ̲Dbl.star_im', Dbl.add_re, Dbl.add_im,
  ̵  ̵ ̵ ̵Dbl.neg_re, Dbl.neg_im, Dbl.zero_re, Dbl.zero_im,
  ̲  ̲ ̲ ̲Dbl.one_re, Dbl.one_im,
  ̵  ̵ ̵ ̵mul_zero, mul_one, zero_mul, one_mul, add_zero, zero_add, neg_zero,
  ̲  ̲ ̲ ̲neg_neg] at hc

Note: This linter can be disabled with `set_option linter.unusedSimpArgs false`
warning: Phys/Algebra/GeneratedModule.lean:301:15: This simp argument is unused:
  CD.add_im

Hint: Omit it from the simp argument list.
  simp only [CD.e2, CD.iota, CD.mul_re, CD.mul_im, CD.star_re, CD.star_im, CD.add_re, C̵D̵.̵a̵d̵d̵_̵i̵m̵,̵ ̵CD.neg_re,
  ̲  ̲ ̲ ̲CD.neg_im, CD.zero_re, CD.zero_im, CD.one_re, CD.one_im, Dbl.mul_re, Dbl.mul_im, Dbl.star_re',
  ̲  ̲ ̲ ̲Dbl.star_im', Dbl.add_re, Dbl.add_im, Dbl.neg_re, Dbl.neg_im, Dbl.zero_re, Dbl.zero_im,
  ̲  ̲ ̲ ̲Dbl.one_re, Dbl.one_im, mul_zero, mul_one, zero_mul, one_mul, add_zero, zero_add, neg_zero,
  ̲  ̲ ̲ ̲neg_neg] at hc

Note: This linter can be disabled with `set_option linter.unusedSimpArgs false`
warning: Phys/Algebra/GeneratedModule.lean:301:26: This simp argument is unused:
  CD.neg_re

Hint: Omit it from the simp argument list.
  simp only [CD.e2, CD.iota, CD.mul_re, CD.mul_im, CD.star_re, CD.star_im, CD.add_re, CD.add_im,
  ̲  ̲ ̲ ̲C̵D̵.̵n̵e̵g̵_̵r̵e̵,̵ ̵CD.neg_im, CD.zero_re, CD.zero_im, CD.one_re, CD.one_im, Dbl.mul_re, Dbl.mul_im, Dbl.star_re',
  ̲  ̲ ̲ ̲Dbl.star_im', Dbl.add_re, Dbl.add_im, Dbl.neg_re, Dbl.neg_im, Dbl.zero_re, Dbl.zero_im,
  ̲  ̲ ̲ ̲Dbl.one_re, Dbl.one_im, mul_zero, mul_one, zero_mul, one_mul, add_zero, zero_add, neg_zero,
  ̲  ̲ ̲ ̲neg_neg] at hc

Note: This linter can be disabled with `set_option linter.unusedSimpArgs false`
warning: Phys/Algebra/GeneratedModule.lean:301:37: This simp argument is unused:
  CD.neg_im

Hint: Omit it from the simp argument list.
  simp only [CD.e2, CD.iota, CD.mul_re, CD.mul_im, CD.star_re, CD.star_im, CD.add_re, CD.add_im,
  ̲  ̲ ̲ ̲CD.neg_re, C̵D̵.̵n̵e̵g̵_̵i̵m̵,̵ ̵CD.zero_re, CD.zero_im, CD.one_re, CD.one_im, Dbl.mul_re, Dbl.mul_im, Dbl.star_re',
  ̲  ̲ ̲ ̲Dbl.star_im', Dbl.add_re, Dbl.add_im, Dbl.neg_re, Dbl.neg_im, Dbl.zero_re, Dbl.zero_im,
  ̲  ̲ ̲ ̲Dbl.one_re, Dbl.one_im, mul_zero, mul_one, zero_mul, one_mul, add_zero, zero_add, neg_zero,
  ̲  ̲ ̲ ̲neg_neg] at hc

Note: This linter can be disabled with `set_option linter.unusedSimpArgs false`
warning: Phys/Algebra/GeneratedModule.lean:301:48: This simp argument is unused:
  CD.zero_re

Hint: Omit it from the simp argument list.
  simp only [CD.e2, CD.iota, CD.mul_re, CD.mul_im, CD.star_re, CD.star_im, CD.add_re, CD.add_im,
  ̲  ̲ ̲ ̲CD.neg_re, CD.neg_im, C̵D̵.̵z̵e̵r̵o̵_̵r̵e̵,̵ ̵CD.zero_im, CD.one_re, CD.one_im, Dbl.mul_re, Dbl.mul_im, Dbl.star_re',
  ̲  ̲ ̲ ̲Dbl.star_im', Dbl.add_re, Dbl.add_im, Dbl.neg_re, Dbl.neg_im, Dbl.zero_re, Dbl.zero_im,
  ̲  ̲ ̲ ̲Dbl.one_re, Dbl.one_im, mul_zero, mul_one, zero_mul, one_mul, add_zero, zero_add, neg_zero,
  ̲  ̲ ̲ ̲neg_neg] at hc

Note: This linter can be disabled with `set_option linter.unusedSimpArgs false`
warning: Phys/Algebra/GeneratedModule.lean:301:60: This simp argument is unused:
  CD.zero_im

Hint: Omit it from the simp argument list.
  simp only [CD.e2, CD.iota, CD.mul_re, CD.mul_im, CD.star_re, CD.star_im, CD.add_re, CD.add_im,
  ̲  ̲ ̲ ̲CD.neg_re, CD.neg_im, CD.zero_re, C̵D̵.̵z̵e̵r̵o̵_̵i̵m̵,̵ ̵CD.one_re, CD.one_im, Dbl.mul_re, Dbl.mul_im, Dbl.star_re',
  ̲  ̲ ̲ ̲Dbl.star_im', Dbl.add_re, Dbl.add_im, Dbl.neg_re, Dbl.neg_im, Dbl.zero_re, Dbl.zero_im,
  ̲  ̲ ̲ ̲Dbl.one_re, Dbl.one_im, mul_zero, mul_one, zero_mul, one_mul, add_zero, zero_add, neg_zero,
  ̲  ̲ ̲ ̲neg_neg] at hc

Note: This linter can be disabled with `set_option linter.unusedSimpArgs false`
warning: Phys/Algebra/GeneratedModule.lean:301:72: This simp argument is unused:
  CD.one_re

Hint: Omit it from the simp argument list.
  simp only [CD.e2, CD.iota, CD.mul_re, CD.mul_im, CD.star_re, CD.star_im, CD.add_re, CD.add_im,
  ̲  ̲ ̲ ̲CD.neg_re, CD.neg_im, CD.zero_re, CD.zero_im, C̵D̵.̵o̵n̵e̵_̵r̵e̵,̵ ̵CD.one_im, Dbl.mul_re, Dbl.mul_im, Dbl.star_re',
  ̲  ̲ ̲ ̲Dbl.star_im', Dbl.add_re, Dbl.add_im, Dbl.neg_re, Dbl.neg_im, Dbl.zero_re, Dbl.zero_im,
  ̲  ̲ ̲ ̲Dbl.one_re, Dbl.one_im, mul_zero, mul_one, zero_mul, one_mul, add_zero, zero_add, neg_zero,
  ̲  ̲ ̲ ̲neg_neg] at hc

Note: This linter can be disabled with `set_option linter.unusedSimpArgs false`
warning: Phys/Algebra/GeneratedModule.lean:301:83: This simp argument is unused:
  CD.one_im

Hint: Omit it from the simp argument list.
  simp only [CD.e2, CD.iota, CD.mul_re, CD.mul_im, CD.star_re, CD.star_im, CD.add_re, CD.add_im,
  ̲  ̲ ̲ ̲CD.neg_re, CD.neg_im, CD.zero_re, CD.zero_im, CD.one_re, C̵D̵.̵o̵n̵e̵_̵i̵m̵,̵Dbl.mul_re, Dbl.mul_im, Dbl.star_re',
  ̲  ̲ ̲ ̲Dbl.star_im', Dbl.add_re, Dbl.add_im, Dbl.neg_re, Dbl.neg_im, Dbl.zero_re, Dbl.zero_im,
  ̲  ̲ ̲ ̲Dbl.one_re, Dbl.one_im, mul_zero, mul_one, zero_mul, one_mul, add_zero, zero_add, neg_zero,
  ̲  ̲ ̲ ̲neg_neg] at hc

Note: This linter can be disabled with `set_option linter.unusedSimpArgs false`
warning: Phys/Algebra/GeneratedModule.lean:302:4: This simp argument is unused:
  Dbl.mul_re

Hint: Omit it from the simp argument list.
  simp only [CD.e2, CD.iota, CD.mul_re, CD.mul_im, CD.star_re, CD.star_im, CD.add_re, CD.add_im,
  ̲  ̲ ̲ ̲CD.neg_re, CD.neg_im, CD.zero_re, CD.zero_im, CD.one_re, CD.one_im, D̵b̵l̵.̵m̵u̵l̵_̵r̵e̵,̵ ̵Dbl.mul_im, Dbl.star_re',
  ̲  ̲ ̲ ̲Dbl.star_im', Dbl.add_re, Dbl.add_im, Dbl.neg_re, Dbl.neg_im, Dbl.zero_re, Dbl.zero_im,
  ̲  ̲ ̲ ̲Dbl.one_re, Dbl.one_im, mul_zero, mul_one, zero_mul, one_mul, add_zero, zero_add, neg_zero,
  ̲  ̲ ̲ ̲neg_neg] at hc

Note: This linter can be disabled with `set_option linter.unusedSimpArgs false`
warning: Phys/Algebra/GeneratedModule.lean:302:16: This simp argument is unused:
  Dbl.mul_im

Hint: Omit it from the simp argument list.
  simp only [CD.e2, CD.iota, CD.mul_re, CD.mul_im, CD.star_re, CD.star_im, CD.add_re, CD.add_im,
  ̲  ̲ ̲ ̲CD.neg_re, CD.neg_im, CD.zero_re, CD.zero_im, CD.one_re, CD.one_im, Dbl.mul_re, D̵b̵l̵.̵m̵u̵l̵_̵i̵m̵,̵ ̵Dbl.star_re',
  ̲  ̲ ̲ ̲Dbl.star_im', Dbl.add_re, Dbl.add_im, Dbl.neg_re, Dbl.neg_im, Dbl.zero_re, Dbl.zero_im,
  ̲  ̲ ̲ ̲Dbl.one_re, Dbl.one_im, mul_zero, mul_one, zero_mul, one_mul, add_zero, zero_add, neg_zero,
  ̲  ̲ ̲ ̲neg_neg] at hc

Note: This linter can be disabled with `set_option linter.unusedSimpArgs false`
warning: Phys/Algebra/GeneratedModule.lean:302:28: This simp argument is unused:
  Dbl.star_re'

Hint: Omit it from the simp argument list.
  simp only [CD.e2, CD.iota, CD.mul_re, CD.mul_im, CD.star_re, CD.star_im,
  ̵  ̵ ̵ ̵CD.add_re, CD.add_im,
  ̲  ̲ ̲ ̲CD.neg_re, CD.neg_im, CD.zero_re, CD.zero_im, CD.one_re, CD.one_im,
  ̵  ̵ ̵ ̵Dbl.mul_re, Dbl.mul_im,
  ̲ D̵b̵l̵.̵s̵t̵a̵r̵_̵r̵e̵'̵,̵  ̲ ̲Dbl.star_im', Dbl.add_re, Dbl.add_im,
  ̵  ̵ ̵ ̵Dbl.neg_re, Dbl.neg_im, Dbl.zero_re, Dbl.zero_im,
  ̲  ̲ ̲ ̲Dbl.one_re, Dbl.one_im,
  ̵  ̵ ̵ ̵mul_zero, mul_one, zero_mul, one_mul, add_zero, zero_add, neg_zero,
  ̲  ̲ ̲ ̲neg_neg] at hc

Note: This linter can be disabled with `set_option linter.unusedSimpArgs false`
warning: Phys/Algebra/GeneratedModule.lean:302:42: This simp argument is unused:
  Dbl.star_im'

Hint: Omit it from the simp argument list.
  simp only [CD.e2, CD.iota, CD.mul_re, CD.mul_im, CD.star_re, CD.star_im, CD.add_re, CD.add_im,
  ̲  ̲ ̲ ̲CD.neg_re, CD.neg_im, CD.zero_re, CD.zero_im, CD.one_re, CD.one_im, Dbl.mul_re, Dbl.mul_im,
  ̲  ̲ ̲ ̲Dbl.star_re', D̵b̵l̵.̵s̵t̵a̵r̵_̵i̵m̵'̵,̵ ̵Dbl.add_re, Dbl.add_im, Dbl.neg_re, Dbl.neg_im, Dbl.zero_re, Dbl.zero_im,
  ̲  ̲ ̲ ̲Dbl.one_re, Dbl.one_im, mul_zero, mul_one, zero_mul, one_mul, add_zero, zero_add, neg_zero,
  ̲  ̲ ̲ ̲neg_neg] at hc

Note: This linter can be disabled with `set_option linter.unusedSimpArgs false`
warning: Phys/Algebra/GeneratedModule.lean:302:56: This simp argument is unused:
  Dbl.add_re

Hint: Omit it from the simp argument list.
  simp only [CD.e2, CD.iota, CD.mul_re, CD.mul_im, CD.star_re, CD.star_im, CD.add_re, CD.add_im,
  ̲  ̲ ̲ ̲CD.neg_re, CD.neg_im, CD.zero_re, CD.zero_im, CD.one_re, CD.one_im, Dbl.mul_re, Dbl.mul_im,
  ̲  ̲ ̲ ̲Dbl.star_re', Dbl.star_im', D̵b̵l̵.̵a̵d̵d̵_̵r̵e̵,̵ ̵Dbl.add_im, Dbl.neg_re, Dbl.neg_im, Dbl.zero_re, Dbl.zero_im,
  ̲  ̲ ̲ ̲Dbl.one_re, Dbl.one_im, mul_zero, mul_one, zero_mul, one_mul, add_zero, zero_add, neg_zero,
  ̲  ̲ ̲ ̲neg_neg] at hc

Note: This linter can be disabled with `set_option linter.unusedSimpArgs false`
warning: Phys/Algebra/GeneratedModule.lean:302:68: This simp argument is unused:
  Dbl.add_im

Hint: Omit it from the simp argument list.
  simp only [CD.e2, CD.iota, CD.mul_re, CD.mul_im, CD.star_re, CD.star_im, CD.add_re, CD.add_im,
  ̲  ̲ ̲ ̲CD.neg_re, CD.neg_im, CD.zero_re, CD.zero_im, CD.one_re, CD.one_im, Dbl.mul_re, Dbl.mul_im,
  ̲  ̲ ̲ ̲Dbl.star_re', Dbl.star_im', Dbl.add_re, D̵b̵l̵.̵a̵d̵d̵_̵i̵m̵,̵Dbl.neg_re, Dbl.neg_im, Dbl.zero_re, Dbl.zero_im,
  ̲  ̲ ̲ ̲Dbl.one_re, Dbl.one_im, mul_zero, mul_one, zero_mul, one_mul, add_zero, zero_add, neg_zero,
  ̲  ̲ ̲ ̲neg_neg] at hc

Note: This linter can be disabled with `set_option linter.unusedSimpArgs false`
warning: Phys/Algebra/GeneratedModule.lean:303:16: This simp argument is unused:
  Dbl.neg_im

Hint: Omit it from the simp argument list.
  simp only [CD.e2, CD.iota, CD.mul_re, CD.mul_im, CD.star_re, CD.star_im, CD.add_re, CD.add_im,
  ̲  ̲ ̲ ̲CD.neg_re, CD.neg_im, CD.zero_re, CD.zero_im, CD.one_re, CD.one_im, Dbl.mul_re, Dbl.mul_im,
  ̲  ̲ ̲ ̲Dbl.star_re', Dbl.star_im', Dbl.add_re, Dbl.add_im, Dbl.neg_re, D̵b̵l̵.̵n̵e̵g̵_̵i̵m̵,̵ ̵Dbl.zero_re, Dbl.zero_im,
  ̲  ̲ ̲ ̲Dbl.one_re, Dbl.one_im, mul_zero, mul_one, zero_mul, one_mul, add_zero, zero_add, neg_zero,
  ̲  ̲ ̲ ̲neg_neg] at hc

Note: This linter can be disabled with `set_option linter.unusedSimpArgs false`
warning: Phys/Algebra/GeneratedModule.lean:303:28: This simp argument is unused:
  Dbl.zero_re

Hint: Omit it from the simp argument list.
  simp only [CD.e2, CD.iota, CD.mul_re, CD.mul_im, CD.star_re, CD.star_im, CD.add_re, CD.add_im,
  ̲  ̲ ̲ ̲CD.neg_re, CD.neg_im, CD.zero_re, CD.zero_im, CD.one_re, CD.one_im, Dbl.mul_re, Dbl.mul_im,
  ̲  ̲ ̲ ̲Dbl.star_re', Dbl.star_im', Dbl.add_re, Dbl.add_im, Dbl.neg_re, Dbl.neg_im, D̵b̵l̵.̵z̵e̵r̵o̵_̵r̵e̵,̵ ̵Dbl.zero_im,
  ̲  ̲ ̲ ̲Dbl.one_re, Dbl.one_im, mul_zero, mul_one, zero_mul, one_mul, add_zero, zero_add, neg_zero,
  ̲  ̲ ̲ ̲neg_neg] at hc

Note: This linter can be disabled with `set_option linter.unusedSimpArgs false`
warning: Phys/Algebra/GeneratedModule.lean:303:41: This simp argument is unused:
  Dbl.zero_im

Hint: Omit it from the simp argument list.
  simp only [CD.e2, CD.iota, CD.mul_re, CD.mul_im, CD.star_re, CD.star_im, CD.add_re, CD.add_im,
  ̲  ̲ ̲ ̲CD.neg_re, CD.neg_im, CD.zero_re, CD.zero_im, CD.one_re, CD.one_im, Dbl.mul_re, Dbl.mul_im,
  ̲  ̲ ̲ ̲Dbl.star_re', Dbl.star_im', Dbl.add_re, Dbl.add_im, Dbl.neg_re, Dbl.neg_im, Dbl.zero_re,
  ̲  ̲ ̲ ̲D̵b̵l̵.̵z̵e̵r̵o̵_̵i̵m̵,̵ ̵Dbl.one_re, Dbl.one_im, mul_zero, mul_one, zero_mul, one_mul, add_zero, zero_add, neg_zero,
  ̲  ̲ ̲ ̲neg_neg] at hc

Note: This linter can be disabled with `set_option linter.unusedSimpArgs false`
warning: Phys/Algebra/GeneratedModule.lean:303:66: This simp argument is unused:
  Dbl.one_im

Hint: Omit it from the simp argument list.
  simp only [CD.e2, CD.iota, CD.mul_re, CD.mul_im, CD.star_re, CD.star_im, CD.add_re, CD.add_im,
  ̲  ̲ ̲ ̲CD.neg_re, CD.neg_im, CD.zero_re, CD.zero_im, CD.one_re, CD.one_im, Dbl.mul_re, Dbl.mul_im,
  ̲  ̲ ̲ ̲Dbl.star_re', Dbl.star_im', Dbl.add_re, Dbl.add_im, Dbl.neg_re, Dbl.neg_im, Dbl.zero_re,
  ̲  ̲ ̲ ̲Dbl.zero_im, Dbl.one_re, D̵b̵l̵.̵o̵n̵e̵_̵i̵m̵,̵mul_zero, mul_one, zero_mul, one_mul, add_zero, zero_add, neg_zero,
  ̲  ̲ ̲ ̲neg_neg] at hc

Note: This linter can be disabled with `set_option linter.unusedSimpArgs false`
warning: Phys/Algebra/GeneratedModule.lean:304:14: This simp argument is unused:
  mul_one

Hint: Omit it from the simp argument list.
  simp only [CD.e2, CD.iota, CD.mul_re, CD.mul_im, CD.star_re, CD.star_im, CD.add_re, CD.add_im,
  ̲  ̲ ̲ ̲CD.neg_re, CD.neg_im, CD.zero_re, CD.zero_im, CD.one_re, CD.one_im, Dbl.mul_re, Dbl.mul_im,
  ̲  ̲ ̲ ̲Dbl.star_re', Dbl.star_im', Dbl.add_re, Dbl.add_im, Dbl.neg_re, Dbl.neg_im, Dbl.zero_re,
  ̲  ̲ ̲ ̲Dbl.zero_im, Dbl.one_re, Dbl.one_im, mul_zero, m̵u̵l̵_̵o̵n̵e̵,̵ ̵zero_mul, one_mul, add_zero, zero_add, neg_zero,
  ̲  ̲ ̲ ̲neg_neg] at hc

Note: This linter can be disabled with `set_option linter.unusedSimpArgs false`
warning: Phys/Algebra/GeneratedModule.lean:304:62: This simp argument is unused:
  neg_zero

Hint: Omit it from the simp argument list.
  simp only [CD.e2, CD.iota, CD.mul_re, CD.mul_im, CD.star_re, CD.star_im, CD.add_re, CD.add_im,
  ̲  ̲ ̲ ̲CD.neg_re, CD.neg_im, CD.zero_re, CD.zero_im, CD.one_re, CD.one_im, Dbl.mul_re, Dbl.mul_im,
  ̲  ̲ ̲ ̲Dbl.star_re', Dbl.star_im', Dbl.add_re, Dbl.add_im, Dbl.neg_re, Dbl.neg_im, Dbl.zero_re,
  ̲  ̲ ̲ ̲Dbl.zero_im, Dbl.one_re, Dbl.one_im, mul_zero, mul_one, zero_mul, one_mul, add_zero, zero_add,
  ̲  ̲ ̲ ̲n̵e̵g̵_̵z̵e̵r̵o̵,̵ ̵neg_neg] at hc

Note: This linter can be disabled with `set_option linter.unusedSimpArgs false`
warning: Phys/Algebra/GeneratedModule.lean:304:72: This simp argument is unused:
  neg_neg

Hint: Omit it from the simp argument list.
  simp only [CD.e2, CD.iota, CD.mul_re, CD.mul_im, CD.star_re, CD.star_im, CD.add_re, CD.add_im,
  ̲  ̲ ̲ ̲CD.neg_re, CD.neg_im, CD.zero_re, CD.zero_im, CD.one_re, CD.one_im, Dbl.mul_re, Dbl.mul_im,
  ̲  ̲ ̲ ̲Dbl.star_re', Dbl.star_im', Dbl.add_re, Dbl.add_im, Dbl.neg_re, Dbl.neg_im, Dbl.zero_re,
  ̲  ̲ ̲ ̲Dbl.zero_im, Dbl.one_re, Dbl.one_im, mul_zero, mul_one, zero_mul, one_mul, add_zero, zero_add,
  ̲  ̲ ̲ ̲n̵e̵g̵_̵z̵e̵r̵o̵,̵ ̵n̵e̵g̵_̵n̵e̵g̵]̵n̲e̲g̲_̲z̲e̲r̲o̲]̲ at hc

Note: This linter can be disabled with `set_option linter.unusedSimpArgs false`
⚠ [3330/3679] Replayed Phys.Algebra.JordanTower
warning: Phys/Algebra/JordanTower.lean:209:47: This simp argument is unused:
  Matrix.cons_val

Hint: Omit it from the simp argument list.
  simp only [Matrix.mul_apply, Matrix.add_apply, Matrix.sub_apply, Fin.sum_univ_four,
      Matrix.of_apply, Matrix.cons_val', Matrix.cons_val_zero, Matrix.cons_val_one, Matrix.head_cons,
  ̲  ̲ ̲ ̲Matrix.cons_val_fin_one, M̵a̵t̵r̵i̵x̵.̵c̵o̵n̵s̵_̵v̵a̵l̵,̵Matrix.empty_val', Matrix.cons_val_three, Matrix.cons_val_two,
  ̲  ̲ ̲ ̲Matrix.tail_cons, Matrix.head_fin_const, sub_eq_add_neg, CD.mul_re, CD.mul_im, CD.star_re,
  ̲  ̲ ̲ ̲CD.star_im, CD.add_re, CD.add_im, CD.neg_re, CD.neg_im, CD.zero_re, CD.zero_im, CD.iota, CD.e2,
  ̲  ̲ ̲ ̲ιJ, Dbl.J, Dbl.mul_re, Dbl.mul_im, Dbl.star_re', Dbl.star_im', Dbl.add_re, Dbl.add_im,
  ̲  ̲ ̲ ̲Dbl.neg_re, Dbl.neg_im, Dbl.zero_re, Dbl.zero_im, Dbl.one_re, Dbl.one_im, CD.one_re, star_zero,
  ̲  ̲ ̲ ̲star_one, mul_zero, zero_mul, mul_one, one_mul, add_zero, zero_add, neg_zero, neg_neg]

Note: This linter can be disabled with `set_option linter.unusedSimpArgs false`
warning: Phys/Algebra/JordanTower.lean:212:48: This simp argument is unused:
  CD.zero_re

Hint: Omit it from the simp argument list.
  simp only [Matrix.mul_apply, Matrix.add_apply, Matrix.sub_apply, Fin.sum_univ_four,
      Matrix.of_apply, Matrix.cons_val', Matrix.cons_val_zero, Matrix.cons_val_one, Matrix.head_cons,
  ̲  ̲ ̲ ̲Matrix.cons_val_fin_one, Matrix.cons_val, Matrix.empty_val', Matrix.cons_val_three,
  ̲  ̲ ̲ ̲Matrix.cons_val_two, Matrix.tail_cons, Matrix.head_fin_const, sub_eq_add_neg, CD.mul_re,
  ̲  ̲ ̲ ̲CD.mul_im, CD.star_re, CD.star_im, CD.add_re, CD.add_im, CD.neg_re, CD.neg_im, C̵D̵.̵z̵e̵r̵o̵_̵r̵e̵,̵ ̵CD.zero_im,
      CD.iota, CD.e2, ιJ, Dbl.J, Dbl.mul_re, Dbl.mul_im, Dbl.star_re', Dbl.star_im', Dbl.add_re,
  ̲  ̲ ̲ ̲Dbl.add_im, Dbl.neg_re, Dbl.neg_im, Dbl.zero_re, Dbl.zero_im, Dbl.one_re, Dbl.one_im, CD.one_re,
  ̲  ̲ ̲ ̲star_zero, star_one, mul_zero, zero_mul, mul_one, one_mul, add_zero, zero_add, neg_zero,
  ̲  ̲ ̲ ̲neg_neg]

Note: This linter can be disabled with `set_option linter.unusedSimpArgs false`
warning: Phys/Algebra/JordanTower.lean:212:60: This simp argument is unused:
  CD.zero_im

Hint: Omit it from the simp argument list.
  simp only [Matrix.mul_apply, Matrix.add_apply, Matrix.sub_apply, Fin.sum_univ_four,
      Matrix.of_apply, Matrix.cons_val', Matrix.cons_val_zero, Matrix.cons_val_one, Matrix.head_cons,
  ̲  ̲ ̲ ̲Matrix.cons_val_fin_one, Matrix.cons_val, Matrix.empty_val', Matrix.cons_val_three,
  ̲  ̲ ̲ ̲Matrix.cons_val_two, Matrix.tail_cons, Matrix.head_fin_const, sub_eq_add_neg, CD.mul_re,
  ̲  ̲ ̲ ̲CD.mul_im, CD.star_re, CD.star_im, CD.add_re, CD.add_im, CD.neg_re, CD.neg_im, CD.zero_re,
  ̲  ̲ ̲ ̲C̵D̵.̵z̵e̵r̵o̵_̵i̵m̵,̵CD.iota, CD.e2, ιJ, Dbl.J, Dbl.mul_re, Dbl.mul_im, Dbl.star_re', Dbl.star_im', Dbl.add_re,
      Dbl.add_im, Dbl.neg_re, Dbl.neg_im, Dbl.zero_re, Dbl.zero_im, Dbl.one_re, Dbl.one_im, CD.one_re,
  ̲  ̲ ̲ ̲star_zero, star_one, mul_zero, zero_mul, mul_one, one_mul, add_zero, zero_add, neg_zero,
  ̲  ̲ ̲ ̲neg_neg]

Note: This linter can be disabled with `set_option linter.unusedSimpArgs false`
warning: Phys/Algebra/JordanTower.lean:214:52: This simp argument is unused:
  Dbl.zero_re

Hint: Omit it from the simp argument list.
  simp only [Matrix.mul_apply, Matrix.add_apply, Matrix.sub_apply, Fin.sum_univ_four,
      Matrix.of_apply, Matrix.cons_val', Matrix.cons_val_zero, Matrix.cons_val_one, Matrix.head_cons,
  ̲  ̲ ̲ ̲Matrix.cons_val_fin_one, Matrix.cons_val, Matrix.empty_val', Matrix.cons_val_three,
  ̲  ̲ ̲ ̲Matrix.cons_val_two, Matrix.tail_cons, Matrix.head_fin_const, sub_eq_add_neg, CD.mul_re,
  ̲  ̲ ̲ ̲CD.mul_im, CD.star_re, CD.star_im, CD.add_re, CD.add_im, CD.neg_re, CD.neg_im, CD.zero_re,
  ̲  ̲ ̲ ̲CD.zero_im, CD.iota, CD.e2, ιJ, Dbl.J, Dbl.mul_re, Dbl.mul_im, Dbl.star_re', Dbl.star_im',
      Dbl.add_re, Dbl.add_im, Dbl.neg_re, Dbl.neg_im, D̵b̵l̵.̵z̵e̵r̵o̵_̵r̵e̵,̵ ̵Dbl.zero_im, Dbl.one_re, Dbl.one_im, CD.one_re,
  ̲  ̲ ̲ ̲star_zero, star_one, mul_zero, zero_mul, mul_one, one_mul, add_zero, zero_add, neg_zero,
  ̲  ̲ ̲ ̲neg_neg]

Note: This linter can be disabled with `set_option linter.unusedSimpArgs false`
warning: Phys/Algebra/JordanTower.lean:214:65: This simp argument is unused:
  Dbl.zero_im

Hint: Omit it from the simp argument list.
  simp only [Matrix.mul_apply, Matrix.add_apply, Matrix.sub_apply, Fin.sum_univ_four,
      Matrix.of_apply, Matrix.cons_val', Matrix.cons_val_zero, Matrix.cons_val_one, Matrix.head_cons,
  ̲  ̲ ̲ ̲Matrix.cons_val_fin_one, Matrix.cons_val, Matrix.empty_val', Matrix.cons_val_three,
  ̲  ̲ ̲ ̲Matrix.cons_val_two, Matrix.tail_cons, Matrix.head_fin_const, sub_eq_add_neg, CD.mul_re,
  ̲  ̲ ̲ ̲CD.mul_im, CD.star_re, CD.star_im, CD.add_re, CD.add_im, CD.neg_re, CD.neg_im, CD.zero_re,
  ̲  ̲ ̲ ̲CD.zero_im, CD.iota, CD.e2, ιJ, Dbl.J, Dbl.mul_re, Dbl.mul_im, Dbl.star_re', Dbl.star_im',
      Dbl.add_re, Dbl.add_im, Dbl.neg_re, Dbl.neg_im, Dbl.zero_re, D̵b̵l̵.̵z̵e̵r̵o̵_̵i̵m̵,̵Dbl.one_re, Dbl.one_im, CD.one_re,
  ̲  ̲ ̲ ̲star_zero, star_one, mul_zero, zero_mul, mul_one, one_mul, add_zero, zero_add, neg_zero,
  ̲  ̲ ̲ ̲neg_neg]

Note: This linter can be disabled with `set_option linter.unusedSimpArgs false`
warning: Phys/Algebra/JordanTower.lean:215:28: This simp argument is unused:
  CD.one_re

Hint: Omit it from the simp argument list.
  simp only [Matrix.mul_apply, Matrix.add_apply, Matrix.sub_apply, Fin.sum_univ_four,
      Matrix.of_apply, Matrix.cons_val', Matrix.cons_val_zero, Matrix.cons_val_one, Matrix.head_cons,
  ̲  ̲ ̲ ̲Matrix.cons_val_fin_one, Matrix.cons_val, Matrix.empty_val', Matrix.cons_val_three,
  ̲  ̲ ̲ ̲Matrix.cons_val_two, Matrix.tail_cons, Matrix.head_fin_const, sub_eq_add_neg, CD.mul_re,
  ̲  ̲ ̲ ̲CD.mul_im, CD.star_re, CD.star_im, CD.add_re, CD.add_im, CD.neg_re, CD.neg_im, CD.zero_re,
  ̲  ̲ ̲ ̲CD.zero_im, CD.iota, CD.e2, ιJ, Dbl.J, Dbl.mul_re, Dbl.mul_im, Dbl.star_re', Dbl.star_im',
      Dbl.add_re, Dbl.add_im, Dbl.neg_re, Dbl.neg_im, Dbl.zero_re, Dbl.zero_im, Dbl.one_re,
  ̲  ̲ ̲ ̲Dbl.one_im, C̵D̵.̵o̵n̵e̵_̵r̵e̵,̵ ̵star_zero, star_one, mul_zero, zero_mul, mul_one, one_mul, add_zero, zero_add,
  ̲  ̲ ̲ ̲neg_zero, neg_neg]

Note: This linter can be disabled with `set_option linter.unusedSimpArgs false`
⚠ [3331/3679] Replayed Phys.Algebra.Alternative
warning: Phys/Algebra/Alternative.lean:88:24: This simp argument is unused:
  zero_mul

Hint: Omit it from the simp argument list.
  simp only [mul_re, mul_im, star_re, star_im, add_re, add_im, neg_re, neg_im,
  ̵  ̵ ̵ ̵ ̵ ̵star_add, star_neg,
  ̲  ̲ ̲ ̲ ̲ ̲star_mul', star_star, neg_mul, mul_neg, neg_neg,
  ̵  ̵ ̵ ̵ ̵ ̵add_mul, mul_add, z̵e̵r̵o̵_̵mul,̵ ̵m̵u̵l̵_zero]

Note: This linter can be disabled with `set_option linter.unusedSimpArgs false`
warning: Phys/Algebra/Alternative.lean:88:34: This simp argument is unused:
  mul_zero

Hint: Omit it from the simp argument list.
  simp only [mul_re, mul_im, star_re, star_im, add_re, add_im, neg_re, neg_im,
  ̵  ̵ ̵ ̵ ̵ ̵star_add, star_neg,
  ̲  ̲ ̲ ̲ ̲ ̲star_mul', star_star, neg_mul, mul_neg, neg_neg,
  ̵  ̵ ̵ ̵ ̵ ̵add_mul, mul_add, zero_mul,̵ ̵m̵u̵l̵_̵z̵e̵r̵o̵]

Note: This linter can be disabled with `set_option linter.unusedSimpArgs false`
warning: Phys/Algebra/Alternative.lean:97:24: This simp argument is unused:
  zero_mul

Hint: Omit it from the simp argument list.
  simp only [mul_re, mul_im, star_re, star_im, add_re, add_im, neg_re, neg_im,
  ̵  ̵ ̵ ̵ ̵ ̵star_add, star_neg,
  ̲  ̲ ̲ ̲ ̲ ̲star_mul', star_star, neg_mul, mul_neg, neg_neg,
  ̵  ̵ ̵ ̵ ̵ ̵add_mul, mul_add, z̵e̵r̵o̵_̵mul,̵ ̵m̵u̵l̵_zero]

Note: This linter can be disabled with `set_option linter.unusedSimpArgs false`
warning: Phys/Algebra/Alternative.lean:97:34: This simp argument is unused:
  mul_zero

Hint: Omit it from the simp argument list.
  simp only [mul_re, mul_im, star_re, star_im, add_re, add_im, neg_re, neg_im,
  ̵  ̵ ̵ ̵ ̵ ̵star_add, star_neg,
  ̲  ̲ ̲ ̲ ̲ ̲star_mul', star_star, neg_mul, mul_neg, neg_neg,
  ̵  ̵ ̵ ̵ ̵ ̵add_mul, mul_add, zero_mul,̵ ̵m̵u̵l̵_̵z̵e̵r̵o̵]

Note: This linter can be disabled with `set_option linter.unusedSimpArgs false`
warning: Phys/Algebra/Alternative.lean:106:24: This simp argument is unused:
  zero_mul

Hint: Omit it from the simp argument list.
  simp only [mul_re, mul_im, star_re, star_im, add_re, add_im, neg_re, neg_im,
  ̵  ̵ ̵ ̵ ̵ ̵star_add, star_neg,
  ̲  ̲ ̲ ̲ ̲ ̲star_mul', star_star, neg_mul, mul_neg, neg_neg,
  ̵  ̵ ̵ ̵ ̵ ̵add_mul, mul_add, z̵e̵r̵o̵_̵mul,̵ ̵m̵u̵l̵_zero]

Note: This linter can be disabled with `set_option linter.unusedSimpArgs false`
warning: Phys/Algebra/Alternative.lean:106:34: This simp argument is unused:
  mul_zero

Hint: Omit it from the simp argument list.
  simp only [mul_re, mul_im, star_re, star_im, add_re, add_im, neg_re, neg_im,
  ̵  ̵ ̵ ̵ ̵ ̵star_add, star_neg,
  ̲  ̲ ̲ ̲ ̲ ̲star_mul', star_star, neg_mul, mul_neg, neg_neg,
  ̵  ̵ ̵ ̵ ̵ ̵add_mul, mul_add, zero_mul,̵ ̵m̵u̵l̵_̵z̵e̵r̵o̵]

Note: This linter can be disabled with `set_option linter.unusedSimpArgs false`
warning: Phys/Algebra/Alternative.lean:117:24: This simp argument is unused:
  zero_mul

Hint: Omit it from the simp argument list.
  simp only [mul_re, mul_im, star_re, star_im, add_re, add_im, neg_re, neg_im,
  ̵  ̵ ̵ ̵ ̵ ̵star_add, star_neg,
  ̲  ̲ ̲ ̲ ̲ ̲star_mul', star_star, neg_mul, mul_neg, neg_neg,
  ̵  ̵ ̵ ̵ ̵ ̵add_mul, mul_add, z̵e̵r̵o̵_̵mul,̵ ̵m̵u̵l̵_zero]

Note: This linter can be disabled with `set_option linter.unusedSimpArgs false`
warning: Phys/Algebra/Alternative.lean:117:34: This simp argument is unused:
  mul_zero

Hint: Omit it from the simp argument list.
  simp only [mul_re, mul_im, star_re, star_im, add_re, add_im, neg_re, neg_im,
  ̵  ̵ ̵ ̵ ̵ ̵star_add, star_neg,
  ̲  ̲ ̲ ̲ ̲ ̲star_mul', star_star, neg_mul, mul_neg, neg_neg,
  ̵  ̵ ̵ ̵ ̵ ̵add_mul, mul_add, zero_mul,̵ ̵m̵u̵l̵_̵z̵e̵r̵o̵]

Note: This linter can be disabled with `set_option linter.unusedSimpArgs false`
warning: Phys/Algebra/Alternative.lean:128:24: This simp argument is unused:
  zero_mul

Hint: Omit it from the simp argument list.
  simp only [mul_re, mul_im, star_re, star_im, add_re, add_im, neg_re, neg_im,
  ̵  ̵ ̵ ̵ ̵ ̵star_add, star_neg,
  ̲  ̲ ̲ ̲ ̲ ̲star_mul', star_star, neg_mul, mul_neg, neg_neg,
  ̵  ̵ ̵ ̵ ̵ ̵add_mul, mul_add, z̵e̵r̵o̵_̵mul,̵ ̵m̵u̵l̵_zero]

Note: This linter can be disabled with `set_option linter.unusedSimpArgs false`
warning: Phys/Algebra/Alternative.lean:128:34: This simp argument is unused:
  mul_zero

Hint: Omit it from the simp argument list.
  simp only [mul_re, mul_im, star_re, star_im, add_re, add_im, neg_re, neg_im,
  ̵  ̵ ̵ ̵ ̵ ̵star_add, star_neg,
  ̲  ̲ ̲ ̲ ̲ ̲star_mul', star_star, neg_mul, mul_neg, neg_neg,
  ̵  ̵ ̵ ̵ ̵ ̵add_mul, mul_add, zero_mul,̵ ̵m̵u̵l̵_̵z̵e̵r̵o̵]

Note: This linter can be disabled with `set_option linter.unusedSimpArgs false`
warning: Phys/Algebra/Alternative.lean:139:24: This simp argument is unused:
  zero_mul

Hint: Omit it from the simp argument list.
  simp only [mul_re, mul_im, star_re, star_im, add_re, add_im, neg_re, neg_im,
  ̵  ̵ ̵ ̵ ̵ ̵star_add, star_neg,
  ̲  ̲ ̲ ̲ ̲ ̲star_mul', star_star, neg_mul, mul_neg, neg_neg,
  ̵  ̵ ̵ ̵ ̵ ̵add_mul, mul_add, z̵e̵r̵o̵_̵mul,̵ ̵m̵u̵l̵_zero]

Note: This linter can be disabled with `set_option linter.unusedSimpArgs false`
warning: Phys/Algebra/Alternative.lean:139:34: This simp argument is unused:
  mul_zero

Hint: Omit it from the simp argument list.
  simp only [mul_re, mul_im, star_re, star_im, add_re, add_im, neg_re, neg_im,
  ̵  ̵ ̵ ̵ ̵ ̵star_add, star_neg,
  ̲  ̲ ̲ ̲ ̲ ̲star_mul', star_star, neg_mul, mul_neg, neg_neg,
  ̵  ̵ ̵ ̵ ̵ ̵add_mul, mul_add, zero_mul,̵ ̵m̵u̵l̵_̵z̵e̵r̵o̵]

Note: This linter can be disabled with `set_option linter.unusedSimpArgs false`
warning: Phys/Algebra/Alternative.lean:148:24: This simp argument is unused:
  zero_mul

Hint: Omit it from the simp argument list.
  simp only [mul_re, mul_im, star_re, star_im, add_re, add_im, neg_re, neg_im,
  ̵  ̵ ̵ ̵ ̵ ̵star_add, star_neg,
  ̲  ̲ ̲ ̲ ̲ ̲star_mul', star_star, neg_mul, mul_neg, neg_neg,
  ̵  ̵ ̵ ̵ ̵ ̵add_mul, mul_add, z̵e̵r̵o̵_̵mul,̵ ̵m̵u̵l̵_zero]

Note: This linter can be disabled with `set_option linter.unusedSimpArgs false`
warning: Phys/Algebra/Alternative.lean:148:34: This simp argument is unused:
  mul_zero

Hint: Omit it from the simp argument list.
  simp only [mul_re, mul_im, star_re, star_im, add_re, add_im, neg_re, neg_im,
  ̵  ̵ ̵ ̵ ̵ ̵star_add, star_neg,
  ̲  ̲ ̲ ̲ ̲ ̲star_mul', star_star, neg_mul, mul_neg, neg_neg,
  ̵  ̵ ̵ ̵ ̵ ̵add_mul, mul_add, zero_mul,̵ ̵m̵u̵l̵_̵z̵e̵r̵o̵]

Note: This linter can be disabled with `set_option linter.unusedSimpArgs false`
warning: Phys/Algebra/Alternative.lean:157:24: This simp argument is unused:
  zero_mul

Hint: Omit it from the simp argument list.
  simp only [mul_re, mul_im, star_re, star_im, add_re, add_im, neg_re, neg_im,
  ̵  ̵ ̵ ̵ ̵ ̵star_add, star_neg,
  ̲  ̲ ̲ ̲ ̲ ̲star_mul', star_star, neg_mul, mul_neg, neg_neg,
  ̵  ̵ ̵ ̵ ̵ ̵add_mul, mul_add, z̵e̵r̵o̵_̵mul,̵ ̵m̵u̵l̵_zero]

Note: This linter can be disabled with `set_option linter.unusedSimpArgs false`
warning: Phys/Algebra/Alternative.lean:157:34: This simp argument is unused:
  mul_zero

Hint: Omit it from the simp argument list.
  simp only [mul_re, mul_im, star_re, star_im, add_re, add_im, neg_re, neg_im,
  ̵  ̵ ̵ ̵ ̵ ̵star_add, star_neg,
  ̲  ̲ ̲ ̲ ̲ ̲star_mul', star_star, neg_mul, mul_neg, neg_neg,
  ̵  ̵ ̵ ̵ ̵ ̵add_mul, mul_add, zero_mul,̵ ̵m̵u̵l̵_̵z̵e̵r̵o̵]

Note: This linter can be disabled with `set_option linter.unusedSimpArgs false`
warning: Phys/Algebra/Alternative.lean:214:29: This simp argument is unused:
  CD.add_re

Hint: Omit it from the simp argument list.
  simp only [sub_eq_add_neg, C̵D̵.̵a̵d̵d̵_̵r̵e̵,̵ ̵CD.add_im, CD.neg_re, CD.neg_im, CD.mul_re, CD.mul_im, CD.star_re,
  ̲  ̲ ̲ ̲CD.star_im, CD.iota, CD.e2, ιJ, Dbl.J, Dbl.mul_re, Dbl.mul_im, Dbl.star_re', Dbl.star_im',
  ̲  ̲ ̲ ̲Dbl.add_re, Dbl.add_im, Dbl.neg_re, Dbl.neg_im, Dbl.zero_re, Dbl.zero_im, Dbl.one_re,
  ̲  ̲ ̲ ̲Dbl.one_im, CD.one_re, CD.zero_re, CD.zero_im, star_zero, star_one, mul_zero, zero_mul, mul_one,
  ̲  ̲ ̲ ̲one_mul, add_zero, zero_add, neg_zero, neg_neg]

Note: This linter can be disabled with `set_option linter.unusedSimpArgs false`
warning: Phys/Algebra/Alternative.lean:214:51: This simp argument is unused:
  CD.neg_re

Hint: Omit it from the simp argument list.
  simp only [sub_eq_add_neg, CD.add_re, CD.add_im, C̵D̵.̵n̵e̵g̵_̵r̵e̵,̵ ̵CD.neg_im, CD.mul_re, CD.mul_im, CD.star_re,
  ̲  ̲ ̲ ̲CD.star_im, CD.iota, CD.e2, ιJ, Dbl.J, Dbl.mul_re, Dbl.mul_im, Dbl.star_re', Dbl.star_im',
  ̲  ̲ ̲ ̲Dbl.add_re, Dbl.add_im, Dbl.neg_re, Dbl.neg_im, Dbl.zero_re, Dbl.zero_im, Dbl.one_re,
  ̲  ̲ ̲ ̲Dbl.one_im, CD.one_re, CD.zero_re, CD.zero_im, star_zero, star_one, mul_zero, zero_mul, mul_one,
  ̲  ̲ ̲ ̲one_mul, add_zero, zero_add, neg_zero, neg_neg]

Note: This linter can be disabled with `set_option linter.unusedSimpArgs false`
warning: Phys/Algebra/Alternative.lean:215:26: This simp argument is unused:
  CD.star_re

Hint: Omit it from the simp argument list.
  simp only [sub_eq_add_neg, CD.add_re, CD.add_im, CD.neg_re, CD.neg_im, CD.mul_re, CD.mul_im,
  ̲  ̲ ̲ ̲C̵D̵.̵s̵t̵a̵r̵_̵r̵e̵,̵ ̵CD.star_im, CD.iota, CD.e2, ιJ, Dbl.J, Dbl.mul_re, Dbl.mul_im, Dbl.star_re', Dbl.star_im',
  ̲  ̲ ̲ ̲Dbl.add_re, Dbl.add_im, Dbl.neg_re, Dbl.neg_im, Dbl.zero_re, Dbl.zero_im, Dbl.one_re,
  ̲  ̲ ̲ ̲Dbl.one_im, CD.one_re, CD.zero_re, CD.zero_im, star_zero, star_one, mul_zero, zero_mul, mul_one,
  ̲  ̲ ̲ ̲one_mul, add_zero, zero_add, neg_zero, neg_neg]

Note: This linter can be disabled with `set_option linter.unusedSimpArgs false`
warning: Phys/Algebra/Alternative.lean:215:38: This simp argument is unused:
  CD.star_im

Hint: Omit it from the simp argument list.
  simp only [sub_eq_add_neg, CD.add_re, CD.add_im, CD.neg_re, CD.neg_im, CD.mul_re, CD.mul_im,
  ̲  ̲ ̲ ̲CD.star_re, C̵D̵.̵s̵t̵a̵r̵_̵i̵m̵,̵ ̵CD.iota, CD.e2, ιJ, Dbl.J, Dbl.mul_re, Dbl.mul_im, Dbl.star_re', Dbl.star_im',
  ̲  ̲ ̲ ̲Dbl.add_re, Dbl.add_im, Dbl.neg_re, Dbl.neg_im, Dbl.zero_re, Dbl.zero_im, Dbl.one_re,
  ̲  ̲ ̲ ̲Dbl.one_im, CD.one_re, CD.zero_re, CD.zero_im, star_zero, star_one, mul_zero, zero_mul, mul_one,
  ̲  ̲ ̲ ̲one_mul, add_zero, zero_add, neg_zero, neg_neg]

Note: This linter can be disabled with `set_option linter.unusedSimpArgs false`
warning: Phys/Algebra/Alternative.lean:216:4: This simp argument is unused:
  Dbl.mul_re

Hint: Omit it from the simp argument list.
  simp only [sub_eq_add_neg, CD.add_re, CD.add_im, CD.neg_re, CD.neg_im, CD.mul_re, CD.mul_im,
  ̲  ̲ ̲ ̲CD.star_re, CD.star_im, CD.iota, CD.e2, ιJ, Dbl.J, D̵b̵l̵.̵m̵u̵l̵_̵r̵e̵,̵ ̵Dbl.mul_im, Dbl.star_re', Dbl.star_im',
  ̲  ̲ ̲ ̲Dbl.add_re, Dbl.add_im, Dbl.neg_re, Dbl.neg_im, Dbl.zero_re, Dbl.zero_im, Dbl.one_re,
  ̲  ̲ ̲ ̲Dbl.one_im, CD.one_re, CD.zero_re, CD.zero_im, star_zero, star_one, mul_zero, zero_mul, mul_one,
  ̲  ̲ ̲ ̲one_mul, add_zero, zero_add, neg_zero, neg_neg]

Note: This linter can be disabled with `set_option linter.unusedSimpArgs false`
warning: Phys/Algebra/Alternative.lean:216:16: This simp argument is unused:
  Dbl.mul_im

Hint: Omit it from the simp argument list.
  simp only [sub_eq_add_neg, CD.add_re, CD.add_im, CD.neg_re, CD.neg_im, CD.mul_re, CD.mul_im,
  ̲  ̲ ̲ ̲CD.star_re, CD.star_im, CD.iota, CD.e2, ιJ, Dbl.J, Dbl.mul_re, D̵b̵l̵.̵m̵u̵l̵_̵i̵m̵,̵ ̵Dbl.star_re', Dbl.star_im',
  ̲  ̲ ̲ ̲Dbl.add_re, Dbl.add_im, Dbl.neg_re, Dbl.neg_im, Dbl.zero_re, Dbl.zero_im, Dbl.one_re,
  ̲  ̲ ̲ ̲Dbl.one_im, CD.one_re, CD.zero_re, CD.zero_im, star_zero, star_one, mul_zero, zero_mul, mul_one,
  ̲  ̲ ̲ ̲one_mul, add_zero, zero_add, neg_zero, neg_neg]

Note: This linter can be disabled with `set_option linter.unusedSimpArgs false`
warning: Phys/Algebra/Alternative.lean:216:28: This simp argument is unused:
  Dbl.star_re'

Hint: Omit it from the simp argument list.
  simp only [sub_eq_add_neg, CD.add_re, CD.add_im, CD.neg_re, CD.neg_im, CD.mul_re, CD.mul_im,
  ̲  ̲ ̲ ̲CD.star_re, CD.star_im, CD.iota, CD.e2, ιJ, Dbl.J, Dbl.mul_re, Dbl.mul_im, D̵b̵l̵.̵s̵t̵a̵r̵_̵r̵e̵'̵,̵ ̵Dbl.star_im',
  ̲  ̲ ̲ ̲Dbl.add_re, Dbl.add_im, Dbl.neg_re, Dbl.neg_im, Dbl.zero_re, Dbl.zero_im, Dbl.one_re,
  ̲  ̲ ̲ ̲Dbl.one_im, CD.one_re, CD.zero_re, CD.zero_im, star_zero, star_one, mul_zero, zero_mul, mul_one,
  ̲  ̲ ̲ ̲one_mul, add_zero, zero_add, neg_zero, neg_neg]

Note: This linter can be disabled with `set_option linter.unusedSimpArgs false`
warning: Phys/Algebra/Alternative.lean:216:56: This simp argument is unused:
  Dbl.add_re

Hint: Omit it from the simp argument list.
  simp only [sub_eq_add_neg, CD.add_re, CD.add_im, CD.neg_re, CD.neg_im, CD.mul_re, CD.mul_im,
  ̲  ̲ ̲ ̲CD.star_re, CD.star_im, CD.iota, CD.e2, ιJ, Dbl.J, Dbl.mul_re, Dbl.mul_im, Dbl.star_re',
  ̲  ̲ ̲ ̲Dbl.star_im', D̵b̵l̵.̵a̵d̵d̵_̵r̵e̵,̵ ̵Dbl.add_im, Dbl.neg_re, Dbl.neg_im, Dbl.zero_re, Dbl.zero_im, Dbl.one_re,
  ̲  ̲ ̲ ̲Dbl.one_im, CD.one_re, CD.zero_re, CD.zero_im, star_zero, star_one, mul_zero, zero_mul, mul_one,
  ̲  ̲ ̲ ̲one_mul, add_zero, zero_add, neg_zero, neg_neg]

Note: This linter can be disabled with `set_option linter.unusedSimpArgs false`
warning: Phys/Algebra/Alternative.lean:217:4: This simp argument is unused:
  Dbl.neg_re

Hint: Omit it from the simp argument list.
  simp only [sub_eq_add_neg, CD.add_re, CD.add_im, CD.neg_re, CD.neg_im, CD.mul_re, CD.mul_im,
  ̲  ̲ ̲ ̲CD.star_re, CD.star_im, CD.iota, CD.e2, ιJ, Dbl.J, Dbl.mul_re, Dbl.mul_im, Dbl.star_re',
  ̲  ̲ ̲ ̲Dbl.star_im', Dbl.add_re, Dbl.add_im, D̵b̵l̵.̵n̵e̵g̵_̵r̵e̵,̵ ̵Dbl.neg_im, Dbl.zero_re, Dbl.zero_im, Dbl.one_re,
  ̲  ̲ ̲ ̲Dbl.one_im, CD.one_re, CD.zero_re, CD.zero_im, star_zero, star_one, mul_zero, zero_mul, mul_one,
  ̲  ̲ ̲ ̲one_mul, add_zero, zero_add, neg_zero, neg_neg]

Note: This linter can be disabled with `set_option linter.unusedSimpArgs false`
warning: Phys/Algebra/Alternative.lean:217:28: This simp argument is unused:
  Dbl.zero_re

Hint: Omit it from the simp argument list.
  simp only [sub_eq_add_neg, CD.add_re, CD.add_im, CD.neg_re, CD.neg_im, CD.mul_re, CD.mul_im,
  ̲  ̲ ̲ ̲CD.star_re, CD.star_im, CD.iota, CD.e2, ιJ, Dbl.J, Dbl.mul_re, Dbl.mul_im, Dbl.star_re',
  ̲  ̲ ̲ ̲Dbl.star_im', Dbl.add_re, Dbl.add_im, Dbl.neg_re, Dbl.neg_im, D̵b̵l̵.̵z̵e̵r̵o̵_̵r̵e̵,̵ ̵Dbl.zero_im, Dbl.one_re,
  ̲  ̲ ̲ ̲Dbl.one_im, CD.one_re, CD.zero_re, CD.zero_im, star_zero, star_one, mul_zero, zero_mul, mul_one,
  ̲  ̲ ̲ ̲one_mul, add_zero, zero_add, neg_zero, neg_neg]

Note: This linter can be disabled with `set_option linter.unusedSimpArgs false`
warning: Phys/Algebra/Alternative.lean:217:41: This simp argument is unused:
  Dbl.zero_im

Hint: Omit it from the simp argument list.
  simp only [sub_eq_add_neg, CD.add_re, CD.add_im, CD.neg_re, CD.neg_im, CD.mul_re, CD.mul_im,
  ̲  ̲ ̲ ̲CD.star_re, CD.star_im, CD.iota, CD.e2, ιJ, Dbl.J, Dbl.mul_re, Dbl.mul_im, Dbl.star_re',
  ̲  ̲ ̲ ̲Dbl.star_im', Dbl.add_re, Dbl.add_im, Dbl.neg_re, Dbl.neg_im, Dbl.zero_re, D̵b̵l̵.̵z̵e̵r̵o̵_̵i̵m̵,̵ ̵Dbl.one_re,
  ̲  ̲ ̲ ̲Dbl.one_im, CD.one_re, CD.zero_re, CD.zero_im, star_zero, star_one, mul_zero, zero_mul, mul_one,
  ̲  ̲ ̲ ̲one_mul, add_zero, zero_add, neg_zero, neg_neg]

Note: This linter can be disabled with `set_option linter.unusedSimpArgs false`
warning: Phys/Algebra/Alternative.lean:217:54: This simp argument is unused:
  Dbl.one_re

Hint: Omit it from the simp argument list.
  simp only [sub_eq_add_neg, CD.add_re, CD.add_im, CD.neg_re, CD.neg_im, CD.mul_re, CD.mul_im,
  ̲  ̲ ̲ ̲CD.star_re, CD.star_im, CD.iota, CD.e2, ιJ, Dbl.J, Dbl.mul_re, Dbl.mul_im, Dbl.star_re',
  ̲  ̲ ̲ ̲Dbl.star_im', Dbl.add_re, Dbl.add_im, Dbl.neg_re, Dbl.neg_im, Dbl.zero_re, Dbl.zero_im,
  ̲  ̲ ̲ ̲D̵b̵l̵.̵o̵n̵e̵_̵r̵e̵,̵ ̵Dbl.one_im, CD.one_re, CD.zero_re, CD.zero_im, star_zero, star_one, mul_zero, zero_mul, mul_one,
  ̲  ̲ ̲ ̲one_mul, add_zero, zero_add, neg_zero, neg_neg]

Note: This linter can be disabled with `set_option linter.unusedSimpArgs false`
warning: Phys/Algebra/Alternative.lean:217:66: This simp argument is unused:
  Dbl.one_im

Hint: Omit it from the simp argument list.
  simp only [sub_eq_add_neg, CD.add_re, CD.add_im, CD.neg_re, CD.neg_im, CD.mul_re, CD.mul_im,
  ̲  ̲ ̲ ̲CD.star_re, CD.star_im, CD.iota, CD.e2, ιJ, Dbl.J, Dbl.mul_re, Dbl.mul_im, Dbl.star_re',
  ̲  ̲ ̲ ̲Dbl.star_im', Dbl.add_re, Dbl.add_im, Dbl.neg_re, Dbl.neg_im, Dbl.zero_re, Dbl.zero_im,
  ̲  ̲ ̲ ̲Dbl.one_re, D̵b̵l̵.̵o̵n̵e̵_̵i̵m̵,̵CD.one_re, CD.zero_re, CD.zero_im, star_zero, star_one, mul_zero, zero_mul, mul_one,
  ̲  ̲ ̲ ̲one_mul, add_zero, zero_add, neg_zero, neg_neg]

Note: This linter can be disabled with `set_option linter.unusedSimpArgs false`
warning: Phys/Algebra/Alternative.lean:218:4: This simp argument is unused:
  CD.one_re

Hint: Omit it from the simp argument list.
  simp only [sub_eq_add_neg, CD.add_re, CD.add_im, CD.neg_re, CD.neg_im,
  ̵  ̵ ̵ ̵CD.mul_re, CD.mul_im,
  ̲  ̲ ̲ ̲CD.star_re, CD.star_im, CD.iota, CD.e2, ιJ, Dbl.J,
  ̵  ̵ ̵ ̵Dbl.mul_re, Dbl.mul_im, Dbl.star_re',
  ̲  ̲ ̲ ̲Dbl.star_im', Dbl.add_re, Dbl.add_im,
  ̵  ̵ ̵ ̵Dbl.neg_re, Dbl.neg_im, Dbl.zero_re, Dbl.zero_im,
  ̲  ̲ ̲ ̲Dbl.one_re, Dbl.one_im,
  ̵  ̵ ̵ ̵CD.o̵n̵e̵_̵r̵e̵,̵ ̵C̵D̵.̵zero_re, CD.zero_im, star_zero, star_one, ̲m̲u̲l̲_̲z̲e̲r̲o̲,̲ ̲z̲e̲r̲o̲_̲m̲u̲l̲,̲
      mul_z̵e̵r̵o,̵ ̵z̵e̵r̵o̵_̵m̵u̵l̵,̵ ̵m̵u̵l̵_̵o̵ne, one_mul, add_zero, zero_add, neg_zero, neg_neg]

Note: This linter can be disabled with `set_option linter.unusedSimpArgs false`
warning: Phys/Algebra/Alternative.lean:218:15: This simp argument is unused:
  CD.zero_re

Hint: Omit it from the simp argument list.
  simp only [sub_eq_add_neg, CD.add_re, CD.add_im, CD.neg_re, CD.neg_im, CD.mul_re, CD.mul_im,
  ̲  ̲ ̲ ̲CD.star_re, CD.star_im, CD.iota, CD.e2, ιJ, Dbl.J, Dbl.mul_re, Dbl.mul_im, Dbl.star_re',
  ̲  ̲ ̲ ̲Dbl.star_im', Dbl.add_re, Dbl.add_im, Dbl.neg_re, Dbl.neg_im, Dbl.zero_re, Dbl.zero_im,
  ̲  ̲ ̲ ̲Dbl.one_re, Dbl.one_im, CD.one_re, C̵D̵.̵z̵e̵r̵o̵_̵r̵e̵,̵ ̵CD.zero_im, star_zero, star_one, mul_zero, zero_mul, mul_one,
  ̲  ̲ ̲ ̲one_mul, add_zero, zero_add, neg_zero, neg_neg]

Note: This linter can be disabled with `set_option linter.unusedSimpArgs false`
warning: Phys/Algebra/Alternative.lean:218:27: This simp argument is unused:
  CD.zero_im

Hint: Omit it from the simp argument list.
  simp only [sub_eq_add_neg, CD.add_re, CD.add_im, CD.neg_re, CD.neg_im, CD.mul_re, CD.mul_im,
  ̲  ̲ ̲ ̲CD.star_re, CD.star_im, CD.iota, CD.e2, ιJ, Dbl.J, Dbl.mul_re, Dbl.mul_im, Dbl.star_re',
  ̲  ̲ ̲ ̲Dbl.star_im', Dbl.add_re, Dbl.add_im, Dbl.neg_re, Dbl.neg_im, Dbl.zero_re, Dbl.zero_im,
  ̲  ̲ ̲ ̲Dbl.one_re, Dbl.one_im, CD.one_re, CD.zero_re, C̵D̵.̵z̵e̵r̵o̵_̵i̵m̵,̵ ̵star_zero, star_one, mul_zero, zero_mul, mul_one,
  ̲  ̲ ̲ ̲one_mul, add_zero, zero_add, neg_zero, neg_neg]

Note: This linter can be disabled with `set_option linter.unusedSimpArgs false`
warning: Phys/Algebra/Alternative.lean:219:24: This simp argument is unused:
  mul_one

Hint: Omit it from the simp argument list.
  simp only [sub_eq_add_neg, CD.add_re, CD.add_im, CD.neg_re, CD.neg_im,
  ̵  ̵ ̵ ̵CD.mul_re, CD.mul_im,
  ̲  ̲ ̲ ̲CD.star_re, CD.star_im, CD.iota, CD.e2, ιJ, Dbl.J,
  ̵  ̵ ̵ ̵Dbl.mul_re, Dbl.mul_im, Dbl.star_re',
  ̲  ̲ ̲ ̲Dbl.star_im', Dbl.add_re, Dbl.add_im,
  ̵  ̵ ̵ ̵Dbl.neg_re, Dbl.neg_im, Dbl.zero_re, Dbl.zero_im,
  ̲  ̲ ̲ ̲Dbl.one_re, Dbl.one_im,
  ̵  ̵ ̵ ̵CD.one_re, CD.zero_re, CD.zero_im, star_zero, star_one, ̲m̲u̲l̲_̲z̲e̲r̲o̲,̲
      m̵u̵l̵_̵zero,̵ ̵z̵e̵r̵o̵_mul, m̵u̵l̵_̵one,̵ ̵o̵n̵e̵_mul, add_zero, zero_add, neg_zero, neg_neg]

Note: This linter can be disabled with `set_option linter.unusedSimpArgs false`
⚠ [3334/3679] Replayed Phys.Algebra.DerivationSkew
warning: Phys/Algebra/DerivationSkew.lean:138:21: Used `tac1 <;> tac2` where `(tac1; tac2)` would suffice

Note: This linter can be disabled with `set_option linter.unnecessarySeqFocus false`
⚠ [3337/3679] Replayed Phys.Algebra.DerivationLowerBound
warning: Phys/Algebra/DerivationLowerBound.lean:68:90: 'ring' tactic does nothing

Note: This linter can be disabled with `set_option linter.unusedTactic false`
warning: Phys/Algebra/DerivationLowerBound.lean:68:90: this tactic is never executed

Note: This linter can be disabled with `set_option linter.unreachableTactic false`
warning: Phys/Algebra/DerivationLowerBound.lean:76:90: 'ring' tactic does nothing

Note: This linter can be disabled with `set_option linter.unusedTactic false`
warning: Phys/Algebra/DerivationLowerBound.lean:76:90: this tactic is never executed

Note: This linter can be disabled with `set_option linter.unreachableTactic false`
warning: Phys/Algebra/DerivationLowerBound.lean:84:90: 'ring' tactic does nothing

Note: This linter can be disabled with `set_option linter.unusedTactic false`
warning: Phys/Algebra/DerivationLowerBound.lean:84:90: this tactic is never executed

Note: This linter can be disabled with `set_option linter.unreachableTactic false`
warning: Phys/Algebra/DerivationLowerBound.lean:92:90: 'ring' tactic does nothing

Note: This linter can be disabled with `set_option linter.unusedTactic false`
warning: Phys/Algebra/DerivationLowerBound.lean:92:90: this tactic is never executed

Note: This linter can be disabled with `set_option linter.unreachableTactic false`
warning: Phys/Algebra/DerivationLowerBound.lean:100:90: 'ring' tactic does nothing

Note: This linter can be disabled with `set_option linter.unusedTactic false`
warning: Phys/Algebra/DerivationLowerBound.lean:100:90: this tactic is never executed

Note: This linter can be disabled with `set_option linter.unreachableTactic false`
warning: Phys/Algebra/DerivationLowerBound.lean:108:90: 'ring' tactic does nothing

Note: This linter can be disabled with `set_option linter.unusedTactic false`
warning: Phys/Algebra/DerivationLowerBound.lean:108:90: this tactic is never executed

Note: This linter can be disabled with `set_option linter.unreachableTactic false`
warning: Phys/Algebra/DerivationLowerBound.lean:116:90: 'ring' tactic does nothing

Note: This linter can be disabled with `set_option linter.unusedTactic false`
warning: Phys/Algebra/DerivationLowerBound.lean:116:90: this tactic is never executed

Note: This linter can be disabled with `set_option linter.unreachableTactic false`
warning: Phys/Algebra/DerivationLowerBound.lean:124:90: 'ring' tactic does nothing

Note: This linter can be disabled with `set_option linter.unusedTactic false`
warning: Phys/Algebra/DerivationLowerBound.lean:124:90: this tactic is never executed

Note: This linter can be disabled with `set_option linter.unreachableTactic false`
warning: Phys/Algebra/DerivationLowerBound.lean:132:90: 'ring' tactic does nothing

Note: This linter can be disabled with `set_option linter.unusedTactic false`
warning: Phys/Algebra/DerivationLowerBound.lean:132:90: this tactic is never executed

Note: This linter can be disabled with `set_option linter.unreachableTactic false`
warning: Phys/Algebra/DerivationLowerBound.lean:140:90: 'ring' tactic does nothing

Note: This linter can be disabled with `set_option linter.unusedTactic false`
warning: Phys/Algebra/DerivationLowerBound.lean:140:90: this tactic is never executed

Note: This linter can be disabled with `set_option linter.unreachableTactic false`
warning: Phys/Algebra/DerivationLowerBound.lean:148:90: 'ring' tactic does nothing

Note: This linter can be disabled with `set_option linter.unusedTactic false`
warning: Phys/Algebra/DerivationLowerBound.lean:148:90: this tactic is never executed

Note: This linter can be disabled with `set_option linter.unreachableTactic false`
warning: Phys/Algebra/DerivationLowerBound.lean:156:90: 'ring' tactic does nothing

Note: This linter can be disabled with `set_option linter.unusedTactic false`
warning: Phys/Algebra/DerivationLowerBound.lean:156:90: this tactic is never executed

Note: This linter can be disabled with `set_option linter.unreachableTactic false`
warning: Phys/Algebra/DerivationLowerBound.lean:164:90: 'ring' tactic does nothing

Note: This linter can be disabled with `set_option linter.unusedTactic false`
warning: Phys/Algebra/DerivationLowerBound.lean:164:90: this tactic is never executed

Note: This linter can be disabled with `set_option linter.unreachableTactic false`
warning: Phys/Algebra/DerivationLowerBound.lean:172:90: 'ring' tactic does nothing

Note: This linter can be disabled with `set_option linter.unusedTactic false`
warning: Phys/Algebra/DerivationLowerBound.lean:172:90: this tactic is never executed

Note: This linter can be disabled with `set_option linter.unreachableTactic false`
warning: Phys/Algebra/DerivationLowerBound.lean:302:99: This simp argument is unused:
  c0

Hint: Omit it from the simp argument list.
  simp only [LinearMap.add_apply, LinearMap.smul_apply, LinearMap.zero_apply, D0E, D1E, D2E, D3E,
  ̲  ̲ ̲ ̲D4E, D5E, D6E, D7E, D8E, D9E, D10E, D11E, D12E, D13E, e5elt, e6elt, e7elt, c̵0̵,̵ ̵c1, c2, c3, c4, c5,
  ̲  ̲ ̲ ̲c6, c7, LinearMap.coe_mk, AddHom.coe_mk, CD.add_re, CD.add_im, Dbl.add_re, Dbl.add_im,
      cd_qsmul_re, cd_qsmul_im, Dbl.smul_re,
  ̲  ̲ ̲ ̲Dbl.smul_im] at h0 h1 h2 h3 h4 h5 h6 h7 h8 h9 h10 h11 h12 h13

Note: This linter can be disabled with `set_option linter.unusedSimpArgs false`
⚠ [3338/3679] Replayed Phys.Algebra.DerivationUpperBound
warning: Phys/Algebra/DerivationUpperBound.lean:180:16: This simp argument is unused:
  CD.zero_im

Hint: Omit it from the simp argument list.
  simp only [u1, CD.mul_re, CD.add_re, Dbl.mul_re, Dbl.add_re, CD.star_re, CD.star_im,
  ̵  ̵ ̵ ̵Dbl.star_re',
  ̲  ̲ ̲ ̲Dbl.star_im', CD.neg_re, Dbl.neg_re, Dbl.neg_im,
  ̵  ̵ ̵ ̵CD.zero_r̵e̵r̲e̲, C̵D.̵z̵e̵r̵o̵_̵i̵m̵,̵ ̵D̵bl.zero_re, Dbl.zero_im] at hc

Note: This linter can be disabled with `set_option linter.unusedSimpArgs false`
warning: Phys/Algebra/DerivationUpperBound.lean:180:41: This simp argument is unused:
  Dbl.zero_im

Hint: Omit it from the simp argument list.
  simp only [u1, CD.mul_re, CD.add_re, Dbl.mul_re, Dbl.add_re, CD.star_re, CD.star_im,
  ̵  ̵ ̵ ̵Dbl.star_re',
  ̲  ̲ ̲ ̲Dbl.star_im', CD.neg_re, Dbl.neg_re, Dbl.neg_im,
  ̵  ̵ ̵ ̵CD.zero_re, CD.zero_im, Dbl.zero_r̵e̵,̵ ̵D̵b̵l̵.̵z̵e̵r̵o̵_̵i̵m̵r̲e̲] at hc

Note: This linter can be disabled with `set_option linter.unusedSimpArgs false`
warning: Phys/Algebra/DerivationUpperBound.lean:192:16: This simp argument is unused:
  CD.zero_im

Hint: Omit it from the simp argument list.
  simp only [u2, CD.mul_re, CD.add_re, Dbl.mul_re, Dbl.add_re, CD.star_re, CD.star_im,
  ̵  ̵ ̵ ̵Dbl.star_re',
  ̲  ̲ ̲ ̲Dbl.star_im', CD.neg_re, Dbl.neg_re, Dbl.neg_im,
  ̵  ̵ ̵ ̵CD.zero_r̵e̵r̲e̲, C̵D.̵z̵e̵r̵o̵_̵i̵m̵,̵ ̵D̵bl.zero_re, Dbl.zero_im] at hc

Note: This linter can be disabled with `set_option linter.unusedSimpArgs false`
warning: Phys/Algebra/DerivationUpperBound.lean:192:41: This simp argument is unused:
  Dbl.zero_im

Hint: Omit it from the simp argument list.
  simp only [u2, CD.mul_re, CD.add_re, Dbl.mul_re, Dbl.add_re, CD.star_re, CD.star_im,
  ̵  ̵ ̵ ̵Dbl.star_re',
  ̲  ̲ ̲ ̲Dbl.star_im', CD.neg_re, Dbl.neg_re, Dbl.neg_im,
  ̵  ̵ ̵ ̵CD.zero_re, CD.zero_im, Dbl.zero_r̵e̵,̵ ̵D̵b̵l̵.̵z̵e̵r̵o̵_̵i̵m̵r̲e̲] at hc

Note: This linter can be disabled with `set_option linter.unusedSimpArgs false`
warning: Phys/Algebra/DerivationUpperBound.lean:204:16: This simp argument is unused:
  CD.zero_im

Hint: Omit it from the simp argument list.
  simp only [u4, CD.mul_re, CD.add_re, Dbl.mul_re, Dbl.add_re, CD.star_re, CD.star_im,
  ̵  ̵ ̵ ̵Dbl.star_re',
  ̲  ̲ ̲ ̲Dbl.star_im', CD.neg_re, Dbl.neg_re, Dbl.neg_im,
  ̵  ̵ ̵ ̵CD.zero_r̵e̵r̲e̲, C̵D.̵z̵e̵r̵o̵_̵i̵m̵,̵ ̵D̵bl.zero_re, Dbl.zero_im] at hc

Note: This linter can be disabled with `set_option linter.unusedSimpArgs false`
warning: Phys/Algebra/DerivationUpperBound.lean:204:41: This simp argument is unused:
  Dbl.zero_im

Hint: Omit it from the simp argument list.
  simp only [u4, CD.mul_re, CD.add_re, Dbl.mul_re, Dbl.add_re, CD.star_re, CD.star_im,
  ̵  ̵ ̵ ̵Dbl.star_re',
  ̲  ̲ ̲ ̲Dbl.star_im', CD.neg_re, Dbl.neg_re, Dbl.neg_im,
  ̵  ̵ ̵ ̵CD.zero_re, CD.zero_im, Dbl.zero_r̵e̵,̵ ̵D̵b̵l̵.̵z̵e̵r̵o̵_̵i̵m̵r̲e̲] at hc

Note: This linter can be disabled with `set_option linter.unusedSimpArgs false`
warning: Phys/Algebra/DerivationUpperBound.lean:220:4: This simp argument is unused:
  CD.zero_im

Hint: Omit it from the simp argument list.
  simp only [u1, u2, CD.mul_re, CD.add_re, Dbl.mul_re, Dbl.add_re, CD.star_re, CD.star_im,
      Dbl.star_re', Dbl.star_im', CD.neg_re, Dbl.neg_re, Dbl.neg_im,
  ̵  ̵ ̵ ̵C̵D.̵z̵e̵r̵o̵_̵i̵m̵,̵ ̵D̵bl.zero_re, Dbl.zero_im] at hc

Note: This linter can be disabled with `set_option linter.unusedSimpArgs false`
warning: Phys/Algebra/DerivationUpperBound.lean:220:16: This simp argument is unused:
  Dbl.zero_re

Hint: Omit it from the simp argument list.
  simp only [u1, u2, CD.mul_re, CD.add_re, Dbl.mul_re, Dbl.add_re, CD.star_re, CD.star_im,
      Dbl.star_re', Dbl.star_im', CD.neg_re, Dbl.neg_re, Dbl.neg_im,
  ̵  ̵ ̵ ̵CD.zero_im, Dbl.zero_r̵e̵,̵ ̵D̵b̵l̵.̵z̵e̵r̵o̵_̵im] at hc

Note: This linter can be disabled with `set_option linter.unusedSimpArgs false`
warning: Phys/Algebra/DerivationUpperBound.lean:220:29: This simp argument is unused:
  Dbl.zero_im

Hint: Omit it from the simp argument list.
  simp only [u1, u2, CD.mul_re, CD.add_re, Dbl.mul_re, Dbl.add_re, CD.star_re, CD.star_im,
      Dbl.star_re', Dbl.star_im', CD.neg_re, Dbl.neg_re, Dbl.neg_im,
  ̵  ̵ ̵ ̵CD.zero_im, Dbl.zero_re,̵ ̵D̵b̵l̵.̵z̵e̵r̵o̵_̵i̵m̵] at hc

Note: This linter can be disabled with `set_option linter.unusedSimpArgs false`
warning: Phys/Algebra/DerivationUpperBound.lean:236:4: This simp argument is unused:
  CD.zero_im

Hint: Omit it from the simp argument list.
  simp only [u1, u4, CD.mul_re, CD.add_re, Dbl.mul_re, Dbl.add_re, CD.star_re, CD.star_im,
      Dbl.star_re', Dbl.star_im', CD.neg_re, Dbl.neg_re, Dbl.neg_im,
  ̵  ̵ ̵ ̵C̵D.̵z̵e̵r̵o̵_̵i̵m̵,̵ ̵D̵bl.zero_re, Dbl.zero_im] at hc

Note: This linter can be disabled with `set_option linter.unusedSimpArgs false`
warning: Phys/Algebra/DerivationUpperBound.lean:236:16: This simp argument is unused:
  Dbl.zero_re

Hint: Omit it from the simp argument list.
  simp only [u1, u4, CD.mul_re, CD.add_re, Dbl.mul_re, Dbl.add_re, CD.star_re, CD.star_im,
      Dbl.star_re', Dbl.star_im', CD.neg_re, Dbl.neg_re, Dbl.neg_im,
  ̵  ̵ ̵ ̵CD.zero_im, Dbl.zero_r̵e̵,̵ ̵D̵b̵l̵.̵z̵e̵r̵o̵_̵im] at hc

Note: This linter can be disabled with `set_option linter.unusedSimpArgs false`
warning: Phys/Algebra/DerivationUpperBound.lean:236:29: This simp argument is unused:
  Dbl.zero_im

Hint: Omit it from the simp argument list.
  simp only [u1, u4, CD.mul_re, CD.add_re, Dbl.mul_re, Dbl.add_re, CD.star_re, CD.star_im,
      Dbl.star_re', Dbl.star_im', CD.neg_re, Dbl.neg_re, Dbl.neg_im,
  ̵  ̵ ̵ ̵CD.zero_im, Dbl.zero_re,̵ ̵D̵b̵l̵.̵z̵e̵r̵o̵_̵i̵m̵] at hc

Note: This linter can be disabled with `set_option linter.unusedSimpArgs false`
warning: Phys/Algebra/DerivationUpperBound.lean:252:4: This simp argument is unused:
  CD.zero_im

Hint: Omit it from the simp argument list.
  simp only [u2, u4, CD.mul_re, CD.add_re, Dbl.mul_re, Dbl.add_re, CD.star_re, CD.star_im,
      Dbl.star_re', Dbl.star_im', CD.neg_re, Dbl.neg_re, Dbl.neg_im,
  ̵  ̵ ̵ ̵C̵D.̵z̵e̵r̵o̵_̵i̵m̵,̵ ̵D̵bl.zero_re, Dbl.zero_im] at hc

Note: This linter can be disabled with `set_option linter.unusedSimpArgs false`
warning: Phys/Algebra/DerivationUpperBound.lean:252:16: This simp argument is unused:
  Dbl.zero_re

Hint: Omit it from the simp argument list.
  simp only [u2, u4, CD.mul_re, CD.add_re, Dbl.mul_re, Dbl.add_re, CD.star_re, CD.star_im,
      Dbl.star_re', Dbl.star_im', CD.neg_re, Dbl.neg_re, Dbl.neg_im,
  ̵  ̵ ̵ ̵CD.zero_im, Dbl.zero_r̵e̵,̵ ̵D̵b̵l̵.̵z̵e̵r̵o̵_̵im] at hc

Note: This linter can be disabled with `set_option linter.unusedSimpArgs false`
warning: Phys/Algebra/DerivationUpperBound.lean:252:29: This simp argument is unused:
  Dbl.zero_im

Hint: Omit it from the simp argument list.
  simp only [u2, u4, CD.mul_re, CD.add_re, Dbl.mul_re, Dbl.add_re, CD.star_re, CD.star_im,
      Dbl.star_re', Dbl.star_im', CD.neg_re, Dbl.neg_re, Dbl.neg_im,
  ̵  ̵ ̵ ̵CD.zero_im, Dbl.zero_re,̵ ̵D̵b̵l̵.̵z̵e̵r̵o̵_̵i̵m̵] at hc

Note: This linter can be disabled with `set_option linter.unusedSimpArgs false`
warning: Phys/Algebra/DerivationUpperBound.lean:269:4: This simp argument is unused:
  CD.zero_im

Hint: Omit it from the simp argument list.
  simp only [u3, u4, CD.mul_re, CD.add_re, Dbl.mul_re, Dbl.add_re, CD.star_re, CD.star_im,
      Dbl.star_re', Dbl.star_im', CD.neg_re, Dbl.neg_re, Dbl.neg_im,
  ̵  ̵ ̵ ̵C̵D.̵z̵e̵r̵o̵_̵i̵m̵,̵ ̵D̵bl.zero_re, Dbl.zero_im] at hc

Note: This linter can be disabled with `set_option linter.unusedSimpArgs false`
warning: Phys/Algebra/DerivationUpperBound.lean:269:16: This simp argument is unused:
  Dbl.zero_re

Hint: Omit it from the simp argument list.
  simp only [u3, u4, CD.mul_re, CD.add_re, Dbl.mul_re, Dbl.add_re, CD.star_re, CD.star_im,
      Dbl.star_re', Dbl.star_im', CD.neg_re, Dbl.neg_re, Dbl.neg_im,
  ̵  ̵ ̵ ̵CD.zero_im, Dbl.zero_r̵e̵,̵ ̵D̵b̵l̵.̵z̵e̵r̵o̵_̵im] at hc

Note: This linter can be disabled with `set_option linter.unusedSimpArgs false`
warning: Phys/Algebra/DerivationUpperBound.lean:269:29: This simp argument is unused:
  Dbl.zero_im

Hint: Omit it from the simp argument list.
  simp only [u3, u4, CD.mul_re, CD.add_re, Dbl.mul_re, Dbl.add_re, CD.star_re, CD.star_im,
      Dbl.star_re', Dbl.star_im', CD.neg_re, Dbl.neg_re, Dbl.neg_im,
  ̵  ̵ ̵ ̵CD.zero_im, Dbl.zero_re,̵ ̵D̵b̵l̵.̵z̵e̵r̵o̵_̵i̵m̵] at hc

Note: This linter can be disabled with `set_option linter.unusedSimpArgs false`
⚠ [3369/3679] Replayed Phys.Algebra.DerivationCompact
warning: Phys/Algebra/DerivationCompact.lean:133:50: This simp argument is unused:
  CD.add_im

Hint: Omit it from the simp argument list.
  simp only [gForm, reQ, c0, c1, c2, c3, c4, c5, c6, c7, sub_eq_add_neg, CD.mul_re, CD.star_re,
  ̲  ̲ ̲ ̲CD.star_im, CD.add_re, C̵D̵.̵a̵d̵d̵_̵i̵m̵,̵ ̵CD.neg_re, CD.neg_im, Dbl.mul_re, Dbl.mul_im, Dbl.add_re, Dbl.add_im,
  ̲  ̲ ̲ ̲Dbl.star_re', Dbl.star_im', Dbl.neg_re, Dbl.neg_im]

Note: This linter can be disabled with `set_option linter.unusedSimpArgs false`
warning: Phys/Algebra/DerivationCompact.lean:134:16: This simp argument is unused:
  Dbl.mul_im

Hint: Omit it from the simp argument list.
  simp only [gForm, reQ, c0, c1, c2, c3, c4, c5, c6, c7, sub_eq_add_neg, CD.mul_re, CD.star_re,
  ̲  ̲ ̲ ̲CD.star_im, CD.add_re, CD.add_im, CD.neg_re, CD.neg_im, Dbl.mul_re, D̵b̵l̵.̵m̵u̵l̵_̵i̵m̵,̵ ̵Dbl.add_re, Dbl.add_im,
  ̲  ̲ ̲ ̲Dbl.star_re', Dbl.star_im', Dbl.neg_re, Dbl.neg_im]

Note: This linter can be disabled with `set_option linter.unusedSimpArgs false`
warning: Phys/Algebra/DerivationCompact.lean:134:40: This simp argument is unused:
  Dbl.add_im

Hint: Omit it from the simp argument list.
  simp only [gForm, reQ, c0, c1, c2, c3, c4, c5, c6, c7, sub_eq_add_neg, CD.mul_re, CD.star_re,
  ̲  ̲ ̲ ̲CD.star_im, CD.add_re, CD.add_im, CD.neg_re, CD.neg_im, Dbl.mul_re, Dbl.mul_im, Dbl.add_re,
  ̲  ̲ ̲ ̲D̵b̵l̵.̵a̵d̵d̵_̵i̵m̵,̵ ̵Dbl.star_re', Dbl.star_im', Dbl.neg_re, Dbl.neg_im]

Note: This linter can be disabled with `set_option linter.unusedSimpArgs false`
warning: Phys/Algebra/DerivationCompact.lean:157:8: This simp argument is unused:
  Matrix.cons_val

Hint: Omit it from the simp argument list.
  simp only [coordO, LinearEquiv.coe_mk, LinearMap.coe_mk, AddHom.coe_mk, M̵a̵t̵r̵i̵x̵.̵c̵o̵n̵s̵_̵v̵a̵l̵,̵ ̵map_zero,
  ̲  ̲ ̲ ̲ ̲ ̲ ̲ ̲Pi.zero_apply]

Note: This linter can be disabled with `set_option linter.unusedSimpArgs false`
⚠ [3406/3679] Replayed Phys.Algebra.DerivationIrreducibleFull
warning: Phys/Algebra/DerivationIrreducibleFull.lean:87:0: automatically included section variable(s) unused in theorem `Phys.Algebra.bml_zero_diag`:
  [FiniteDimensional ℚ V]
consider restructuring your `variable` declarations so that the variables are not in scope or explicitly omit them:
  omit [FiniteDimensional ℚ V] in theorem ...

Note: This linter can be disabled with `set_option linter.unusedSectionVars false`
⚠ [3415/3679] Replayed Phys.Algebra.HermitianJordan.Helpers
warning: Phys/Algebra/HermitianJordan/Helpers.lean:46:6: This simp argument is unused:
  star_add

Hint: Omit it from the simp argument list.
  simp only [ocR, mul_re, mul_im, star_re, star_im, add_re, add_im, neg_re, neg_im,
  ̵  ̵ ̵ ̵ ̵ ̵star_a̵d̵d̵,̵ ̵s̵t̵a̵r̵_̵neg,
  ̲  ̲ ̲ ̲ ̲ ̲star_mul', star_star, neg_mul, mul_neg, neg_neg,
  ̵  ̵ ̵ ̵ ̵ ̵add_mul, mul_add, zero_mul, mul_zero,
        Dbl.mul_re, Dbl.mul_im, Dbl.star_re', Dbl.star_im', Dbl.zero_re, Dbl.zero_im,
  ̵  ̵ ̵ ̵ ̵ ̵Dbl.add_re,
  ̲  ̲ ̲ ̲ ̲ ̲Dbl.add_im, Dbl.neg_re, Dbl.neg_im]

Note: This linter can be disabled with `set_option linter.unusedSimpArgs false`
warning: Phys/Algebra/HermitianJordan/Helpers.lean:46:26: This simp argument is unused:
  star_mul'

Hint: Omit it from the simp argument list.
  simp only [ocR, mul_re, mul_im, star_re, star_im, add_re, add_im, neg_re, neg_im, star_add,
  ̲  ̲ ̲ ̲ ̲ ̲star_neg, s̵t̵a̵r̵_̵m̵u̵l̵'̵,̵ ̵star_star, neg_mul, mul_neg, neg_neg, add_mul, mul_add, zero_mul, mul_zero,
        Dbl.mul_re, Dbl.mul_im, Dbl.star_re', Dbl.star_im', Dbl.zero_re, Dbl.zero_im, Dbl.add_re,
  ̲  ̲ ̲ ̲ ̲ ̲Dbl.add_im, Dbl.neg_re, Dbl.neg_im]

Note: This linter can be disabled with `set_option linter.unusedSimpArgs false`
warning: Phys/Algebra/HermitianJordan/Helpers.lean:47:6: This simp argument is unused:
  add_mul

Hint: Omit it from the simp argument list.
  simp only [ocR, mul_re, mul_im, star_re, star_im, add_re, add_im, neg_re, neg_im,
  ̵  ̵ ̵ ̵ ̵ ̵star_add,
  ̲  ̲ ̲ ̲ ̲ ̲star_neg, star_mul', star_star, neg_mul, mul_neg, neg_neg,
  ̵  ̵ ̵ ̵ ̵ ̵a̵d̵d̵_̵mul,̵ ̵m̵u̵l̵_add, zero_mul, mul_zero,
        Dbl.mul_re, Dbl.mul_im, Dbl.star_re', Dbl.star_im', Dbl.zero_re, Dbl.zero_im,
  ̵  ̵ ̵ ̵ ̵ ̵Dbl.add_re,
  ̲  ̲ ̲ ̲ ̲ ̲Dbl.add_im, Dbl.neg_re, Dbl.neg_im]

Note: This linter can be disabled with `set_option linter.unusedSimpArgs false`
warning: Phys/Algebra/HermitianJordan/Helpers.lean:47:15: This simp argument is unused:
  mul_add

Hint: Omit it from the simp argument list.
  simp only [ocR, mul_re, mul_im, star_re, star_im, add_re, add_im, neg_re, neg_im,
  ̵  ̵ ̵ ̵ ̵ ̵star_add,
  ̲  ̲ ̲ ̲ ̲ ̲star_neg, star_mul', star_star, neg_mul, mul_neg, neg_neg,
  ̵  ̵ ̵ ̵ ̵ ̵add_̵m̵u̵l̵_̲m̲u̲l̲, m̵u̵l̵_̵a̵d̵d̵,̵ ̵zero_mul, mul_zero,
        Dbl.mul_re, Dbl.mul_im, Dbl.star_re', Dbl.star_im', Dbl.zero_re, Dbl.zero_im,
  ̵  ̵ ̵ ̵ ̵ ̵Dbl.add_re,
  ̲  ̲ ̲ ̲ ̲ ̲Dbl.add_im, Dbl.neg_re, Dbl.neg_im]

Note: This linter can be disabled with `set_option linter.unusedSimpArgs false`
warning: Phys/Algebra/HermitianJordan/Helpers.lean:48:58: This simp argument is unused:
  Dbl.zero_re

Hint: Omit it from the simp argument list.
  simp only [ocR, mul_re, mul_im, star_re, star_im, add_re, add_im, neg_re, neg_im,
  ̵  ̵ ̵ ̵ ̵ ̵star_add,
  ̲  ̲ ̲ ̲ ̲ ̲star_neg, star_mul', star_star, neg_mul, mul_neg, neg_neg,
  ̵  ̵ ̵ ̵ ̵ ̵add_mul, mul_add, zero_mul,
  ̲  ̲ ̲ ̲ ̲ ̲mul_zero,
  ̵  ̵ ̵ ̵ ̵ ̵Dbl.mul_re, Dbl.mul_im, Dbl.star_re', Dbl.star_im', Dbl.zero_r̵e̵,̵ ̵D̵b̵l̵.̵z̵e̵r̵o̵_̵im,
  ̵  ̵ ̵ ̵ ̵ ̵Dbl.add_re,
  ̲  ̲ ̲ ̲ ̲ ̲Dbl.add_im, Dbl.neg_re, Dbl.neg_im]

Note: This linter can be disabled with `set_option linter.unusedSimpArgs false`
warning: Phys/Algebra/HermitianJordan/Helpers.lean:48:71: This simp argument is unused:
  Dbl.zero_im

Hint: Omit it from the simp argument list.
  simp only [ocR, mul_re, mul_im, star_re, star_im, add_re, add_im, neg_re, neg_im,
  ̵  ̵ ̵ ̵ ̵ ̵star_add,
  ̲  ̲ ̲ ̲ ̲ ̲star_neg, star_mul', star_star, neg_mul, mul_neg, neg_neg,
  ̵  ̵ ̵ ̵ ̵ ̵add_mul, mul_add, zero_mul,
  ̲  ̲ ̲ ̲ ̲ ̲mul_zero,
  ̵  ̵ ̵ ̵ ̵ ̵Dbl.mul_re, Dbl.mul_im, Dbl.star_re', Dbl.star_im', Dbl.zero_re, Dbl.z̵e̵r̵o̵_̵i̵m̵,̵
  ̵ ̵ ̵ ̵ ̵ ̵ ̵D̵b̵l̵.̵add_re,
  ̲  ̲ ̲ ̲ ̲ ̲Dbl.add_im, Dbl.neg_re, Dbl.neg_im]

Note: This linter can be disabled with `set_option linter.unusedSimpArgs false`
warning: Phys/Algebra/HermitianJordan/Helpers.lean:59:58: This simp argument is unused:
  Dbl.zero_re

Hint: Omit it from the simp argument list.
  simp only [ocR, mul_re, mul_im, star_re, star_im, add_re, add_im, neg_re, neg_im,
  ̵  ̵ ̵ ̵ ̵ ̵star_add,
  ̲  ̲ ̲ ̲ ̲ ̲star_neg, star_mul', star_star, neg_mul, mul_neg, neg_neg,
  ̵  ̵ ̵ ̵ ̵ ̵add_mul, mul_add, zero_mul,
  ̲  ̲ ̲ ̲ ̲ ̲mul_zero,
  ̵  ̵ ̵ ̵ ̵ ̵Dbl.mul_re, Dbl.mul_im, Dbl.star_re', Dbl.star_im', Dbl.zero_r̵e̵,̵ ̵D̵b̵l̵.̵z̵e̵r̵o̵_̵im,
  ̵  ̵ ̵ ̵ ̵ ̵Dbl.add_re,
  ̲  ̲ ̲ ̲ ̲ ̲Dbl.add_im, Dbl.neg_re, Dbl.neg_im]

Note: This linter can be disabled with `set_option linter.unusedSimpArgs false`
warning: Phys/Algebra/HermitianJordan/Helpers.lean:59:71: This simp argument is unused:
  Dbl.zero_im

Hint: Omit it from the simp argument list.
  simp only [ocR, mul_re, mul_im, star_re, star_im, add_re, add_im, neg_re, neg_im,
  ̵  ̵ ̵ ̵ ̵ ̵star_add,
  ̲  ̲ ̲ ̲ ̲ ̲star_neg, star_mul', star_star, neg_mul, mul_neg, neg_neg,
  ̵  ̵ ̵ ̵ ̵ ̵add_mul, mul_add, zero_mul,
  ̲  ̲ ̲ ̲ ̲ ̲mul_zero,
  ̵  ̵ ̵ ̵ ̵ ̵Dbl.mul_re, Dbl.mul_im, Dbl.star_re', Dbl.star_im', Dbl.zero_re, Dbl.z̵e̵r̵o̵_̵i̵m̵,̵
  ̵ ̵ ̵ ̵ ̵ ̵ ̵D̵b̵l̵.̵add_re,
  ̲  ̲ ̲ ̲ ̲ ̲Dbl.add_im, Dbl.neg_re, Dbl.neg_im]

Note: This linter can be disabled with `set_option linter.unusedSimpArgs false`
warning: Phys/Algebra/HermitianJordan/Helpers.lean:70:58: This simp argument is unused:
  Dbl.zero_re

Hint: Omit it from the simp argument list.
  simp only [ocR, mul_re, mul_im, star_re, star_im, add_re, add_im, neg_re, neg_im,
  ̵  ̵ ̵ ̵ ̵ ̵star_add,
  ̲  ̲ ̲ ̲ ̲ ̲star_neg, star_mul', star_star, neg_mul, mul_neg, neg_neg,
  ̵  ̵ ̵ ̵ ̵ ̵add_mul, mul_add, zero_mul,
  ̲  ̲ ̲ ̲ ̲ ̲mul_zero,
  ̵  ̵ ̵ ̵ ̵ ̵Dbl.mul_re, Dbl.mul_im, Dbl.star_re', Dbl.star_im', Dbl.zero_r̵e̵,̵ ̵D̵b̵l̵.̵z̵e̵r̵o̵_̵im,
  ̵  ̵ ̵ ̵ ̵ ̵Dbl.add_re,
  ̲  ̲ ̲ ̲ ̲ ̲Dbl.add_im, Dbl.neg_re, Dbl.neg_im]

Note: This linter can be disabled with `set_option linter.unusedSimpArgs false`
warning: Phys/Algebra/HermitianJordan/Helpers.lean:70:71: This simp argument is unused:
  Dbl.zero_im

Hint: Omit it from the simp argument list.
  simp only [ocR, mul_re, mul_im, star_re, star_im, add_re, add_im, neg_re, neg_im,
  ̵  ̵ ̵ ̵ ̵ ̵star_add,
  ̲  ̲ ̲ ̲ ̲ ̲star_neg, star_mul', star_star, neg_mul, mul_neg, neg_neg,
  ̵  ̵ ̵ ̵ ̵ ̵add_mul, mul_add, zero_mul,
  ̲  ̲ ̲ ̲ ̲ ̲mul_zero,
  ̵  ̵ ̵ ̵ ̵ ̵Dbl.mul_re, Dbl.mul_im, Dbl.star_re', Dbl.star_im', Dbl.zero_re, Dbl.z̵e̵r̵o̵_̵i̵m̵,̵
  ̵ ̵ ̵ ̵ ̵ ̵ ̵D̵b̵l̵.̵add_re,
  ̲  ̲ ̲ ̲ ̲ ̲Dbl.add_im, Dbl.neg_re, Dbl.neg_im]

Note: This linter can be disabled with `set_option linter.unusedSimpArgs false`
warning: Phys/Algebra/HermitianJordan/Helpers.lean:81:58: This simp argument is unused:
  Dbl.zero_re

Hint: Omit it from the simp argument list.
  simp only [ocR, mul_re, mul_im, star_re, star_im, add_re, add_im, neg_re, neg_im,
  ̵  ̵ ̵ ̵ ̵ ̵star_add,
  ̲  ̲ ̲ ̲ ̲ ̲star_neg, star_mul', star_star, neg_mul, mul_neg, neg_neg,
  ̵  ̵ ̵ ̵ ̵ ̵add_mul, mul_add, zero_mul,
  ̲  ̲ ̲ ̲ ̲ ̲mul_zero,
  ̵  ̵ ̵ ̵ ̵ ̵Dbl.mul_re, Dbl.mul_im, Dbl.star_re', Dbl.star_im', Dbl.zero_r̵e̵,̵ ̵D̵b̵l̵.̵z̵e̵r̵o̵_̵im,
  ̵  ̵ ̵ ̵ ̵ ̵Dbl.add_re,
  ̲  ̲ ̲ ̲ ̲ ̲Dbl.add_im, Dbl.neg_re, Dbl.neg_im]

Note: This linter can be disabled with `set_option linter.unusedSimpArgs false`
warning: Phys/Algebra/HermitianJordan/Helpers.lean:81:71: This simp argument is unused:
  Dbl.zero_im

Hint: Omit it from the simp argument list.
  simp only [ocR, mul_re, mul_im, star_re, star_im, add_re, add_im, neg_re, neg_im,
  ̵  ̵ ̵ ̵ ̵ ̵star_add,
  ̲  ̲ ̲ ̲ ̲ ̲star_neg, star_mul', star_star, neg_mul, mul_neg, neg_neg,
  ̵  ̵ ̵ ̵ ̵ ̵add_mul, mul_add, zero_mul,
  ̲  ̲ ̲ ̲ ̲ ̲mul_zero,
  ̵  ̵ ̵ ̵ ̵ ̵Dbl.mul_re, Dbl.mul_im, Dbl.star_re', Dbl.star_im', Dbl.zero_re, Dbl.z̵e̵r̵o̵_̵i̵m̵,̵
  ̵ ̵ ̵ ̵ ̵ ̵ ̵D̵b̵l̵.̵add_re,
  ̲  ̲ ̲ ̲ ̲ ̲Dbl.add_im, Dbl.neg_re, Dbl.neg_im]

Note: This linter can be disabled with `set_option linter.unusedSimpArgs false`
warning: Phys/Algebra/HermitianJordan/Helpers.lean:91:30: This simp argument is unused:
  Dbl.zero_re

Hint: Omit it from the simp argument list.
  simp only [ocR, star_re, star_im, neg_re, neg_im, Dbl.star_re', Dbl.star_im',
  ̵  ̵ ̵ ̵ ̵ ̵Dbl.neg_re,
  ̲  ̲ ̲ ̲ ̲ ̲Dbl.neg_im, Dbl.zero_r̵e̵,̵ ̵D̵b̵l̵.̵z̵e̵r̵o̵_̵im, neg_zero]

Note: This linter can be disabled with `set_option linter.unusedSimpArgs false`
warning: Phys/Algebra/HermitianJordan/Helpers.lean:91:43: This simp argument is unused:
  Dbl.zero_im

Hint: Omit it from the simp argument list.
  simp only [ocR, star_re, star_im, neg_re, neg_im, Dbl.star_re', Dbl.star_im', Dbl.neg_re,
  ̲  ̲ ̲ ̲ ̲ ̲Dbl.neg_im, Dbl.zero_re, D̵b̵l̵.̵z̵e̵r̵o̵_̵i̵m̵,̵ ̵neg_zero]

Note: This linter can be disabled with `set_option linter.unusedSimpArgs false`
ℹ [3424/3679] Replayed Phys.Algebra.HermitianJordan.PieceA
info: Phys/Algebra/HermitianJordan/PieceA.lean:166:38: Try this:
  [apply] ring_nf
  
  The `ring` tactic failed to close the goal. Use `ring_nf` to obtain a normal form.
    
  Note that `ring` works primarily in *commutative* rings. If you have a noncommutative ring, abelian group or module, consider using `noncomm_ring`, `abel` or `module` instead.
info: Phys/Algebra/HermitianJordan/PieceA.lean:166:38: Try this:
  [apply] ring_nf
  
  The `ring` tactic failed to close the goal. Use `ring_nf` to obtain a normal form.
    
  Note that `ring` works primarily in *commutative* rings. If you have a noncommutative ring, abelian group or module, consider using `noncomm_ring`, `abel` or `module` instead.
info: Phys/Algebra/HermitianJordan/PieceA.lean:166:38: Try this:
  [apply] ring_nf
  
  The `ring` tactic failed to close the goal. Use `ring_nf` to obtain a normal form.
    
  Note that `ring` works primarily in *commutative* rings. If you have a noncommutative ring, abelian group or module, consider using `noncomm_ring`, `abel` or `module` instead.
info: Phys/Algebra/HermitianJordan/PieceA.lean:166:38: Try this:
  [apply] ring_nf
  
  The `ring` tactic failed to close the goal. Use `ring_nf` to obtain a normal form.
    
  Note that `ring` works primarily in *commutative* rings. If you have a noncommutative ring, abelian group or module, consider using `noncomm_ring`, `abel` or `module` instead.
info: Phys/Algebra/HermitianJordan/PieceA.lean:166:38: Try this:
  [apply] ring_nf
  
  The `ring` tactic failed to close the goal. Use `ring_nf` to obtain a normal form.
    
  Note that `ring` works primarily in *commutative* rings. If you have a noncommutative ring, abelian group or module, consider using `noncomm_ring`, `abel` or `module` instead.
info: Phys/Algebra/HermitianJordan/PieceA.lean:166:38: Try this:
  [apply] ring_nf
  
  The `ring` tactic failed to close the goal. Use `ring_nf` to obtain a normal form.
    
  Note that `ring` works primarily in *commutative* rings. If you have a noncommutative ring, abelian group or module, consider using `noncomm_ring`, `abel` or `module` instead.
info: Phys/Algebra/HermitianJordan/PieceA.lean:166:38: Try this:
  [apply] ring_nf
  
  The `ring` tactic failed to close the goal. Use `ring_nf` to obtain a normal form.
    
  Note that `ring` works primarily in *commutative* rings. If you have a noncommutative ring, abelian group or module, consider using `noncomm_ring`, `abel` or `module` instead.
info: Phys/Algebra/HermitianJordan/PieceA.lean:166:38: Try this:
  [apply] ring_nf
  
  The `ring` tactic failed to close the goal. Use `ring_nf` to obtain a normal form.
    
  Note that `ring` works primarily in *commutative* rings. If you have a noncommutative ring, abelian group or module, consider using `noncomm_ring`, `abel` or `module` instead.
info: Phys/Algebra/HermitianJordan/PieceA.lean:166:38: Try this:
  [apply] ring_nf
  
  The `ring` tactic failed to close the goal. Use `ring_nf` to obtain a normal form.
    
  Note that `ring` works primarily in *commutative* rings. If you have a noncommutative ring, abelian group or module, consider using `noncomm_ring`, `abel` or `module` instead.
info: Phys/Algebra/HermitianJordan/PieceA.lean:166:38: Try this:
  [apply] ring_nf
  
  The `ring` tactic failed to close the goal. Use `ring_nf` to obtain a normal form.
    
  Note that `ring` works primarily in *commutative* rings. If you have a noncommutative ring, abelian group or module, consider using `noncomm_ring`, `abel` or `module` instead.
info: Phys/Algebra/HermitianJordan/PieceA.lean:166:38: Try this:
  [apply] ring_nf
  
  The `ring` tactic failed to close the goal. Use `ring_nf` to obtain a normal form.
    
  Note that `ring` works primarily in *commutative* rings. If you have a noncommutative ring, abelian group or module, consider using `noncomm_ring`, `abel` or `module` instead.
info: Phys/Algebra/HermitianJordan/PieceA.lean:166:38: Try this:
  [apply] ring_nf
  
  The `ring` tactic failed to close the goal. Use `ring_nf` to obtain a normal form.
    
  Note that `ring` works primarily in *commutative* rings. If you have a noncommutative ring, abelian group or module, consider using `noncomm_ring`, `abel` or `module` instead.
info: Phys/Algebra/HermitianJordan/PieceA.lean:166:38: Try this:
  [apply] ring_nf
  
  The `ring` tactic failed to close the goal. Use `ring_nf` to obtain a normal form.
    
  Note that `ring` works primarily in *commutative* rings. If you have a noncommutative ring, abelian group or module, consider using `noncomm_ring`, `abel` or `module` instead.
info: Phys/Algebra/HermitianJordan/PieceA.lean:166:38: Try this:
  [apply] ring_nf
  
  The `ring` tactic failed to close the goal. Use `ring_nf` to obtain a normal form.
    
  Note that `ring` works primarily in *commutative* rings. If you have a noncommutative ring, abelian group or module, consider using `noncomm_ring`, `abel` or `module` instead.
info: Phys/Algebra/HermitianJordan/PieceA.lean:166:38: Try this:
  [apply] ring_nf
  
  The `ring` tactic failed to close the goal. Use `ring_nf` to obtain a normal form.
    
  Note that `ring` works primarily in *commutative* rings. If you have a noncommutative ring, abelian group or module, consider using `noncomm_ring`, `abel` or `module` instead.
info: Phys/Algebra/HermitianJordan/PieceA.lean:166:38: Try this:
  [apply] ring_nf
  
  The `ring` tactic failed to close the goal. Use `ring_nf` to obtain a normal form.
    
  Note that `ring` works primarily in *commutative* rings. If you have a noncommutative ring, abelian group or module, consider using `noncomm_ring`, `abel` or `module` instead.
info: Phys/Algebra/HermitianJordan/PieceA.lean:166:38: Try this:
  [apply] ring_nf
  
  The `ring` tactic failed to close the goal. Use `ring_nf` to obtain a normal form.
    
  Note that `ring` works primarily in *commutative* rings. If you have a noncommutative ring, abelian group or module, consider using `noncomm_ring`, `abel` or `module` instead.
info: Phys/Algebra/HermitianJordan/PieceA.lean:166:38: Try this:
  [apply] ring_nf
  
  The `ring` tactic failed to close the goal. Use `ring_nf` to obtain a normal form.
    
  Note that `ring` works primarily in *commutative* rings. If you have a noncommutative ring, abelian group or module, consider using `noncomm_ring`, `abel` or `module` instead.
info: Phys/Algebra/HermitianJordan/PieceA.lean:166:38: Try this:
  [apply] ring_nf
  
  The `ring` tactic failed to close the goal. Use `ring_nf` to obtain a normal form.
    
  Note that `ring` works primarily in *commutative* rings. If you have a noncommutative ring, abelian group or module, consider using `noncomm_ring`, `abel` or `module` instead.
info: Phys/Algebra/HermitianJordan/PieceA.lean:166:38: Try this:
  [apply] ring_nf
  
  The `ring` tactic failed to close the goal. Use `ring_nf` to obtain a normal form.
    
  Note that `ring` works primarily in *commutative* rings. If you have a noncommutative ring, abelian group or module, consider using `noncomm_ring`, `abel` or `module` instead.
info: Phys/Algebra/HermitianJordan/PieceA.lean:166:38: Try this:
  [apply] ring_nf
  
  The `ring` tactic failed to close the goal. Use `ring_nf` to obtain a normal form.
    
  Note that `ring` works primarily in *commutative* rings. If you have a noncommutative ring, abelian group or module, consider using `noncomm_ring`, `abel` or `module` instead.
info: Phys/Algebra/HermitianJordan/PieceA.lean:166:38: Try this:
  [apply] ring_nf
  
  The `ring` tactic failed to close the goal. Use `ring_nf` to obtain a normal form.
    
  Note that `ring` works primarily in *commutative* rings. If you have a noncommutative ring, abelian group or module, consider using `noncomm_ring`, `abel` or `module` instead.
info: Phys/Algebra/HermitianJordan/PieceA.lean:166:38: Try this:
  [apply] ring_nf
  
  The `ring` tactic failed to close the goal. Use `ring_nf` to obtain a normal form.
    
  Note that `ring` works primarily in *commutative* rings. If you have a noncommutative ring, abelian group or module, consider using `noncomm_ring`, `abel` or `module` instead.
info: Phys/Algebra/HermitianJordan/PieceA.lean:166:38: Try this:
  [apply] ring_nf
  
  The `ring` tactic failed to close the goal. Use `ring_nf` to obtain a normal form.
    
  Note that `ring` works primarily in *commutative* rings. If you have a noncommutative ring, abelian group or module, consider using `noncomm_ring`, `abel` or `module` instead.
info: Phys/Algebra/HermitianJordan/PieceA.lean:166:38: Try this:
  [apply] ring_nf
  
  The `ring` tactic failed to close the goal. Use `ring_nf` to obtain a normal form.
    
  Note that `ring` works primarily in *commutative* rings. If you have a noncommutative ring, abelian group or module, consider using `noncomm_ring`, `abel` or `module` instead.
info: Phys/Algebra/HermitianJordan/PieceA.lean:166:38: Try this:
  [apply] ring_nf
  
  The `ring` tactic failed to close the goal. Use `ring_nf` to obtain a normal form.
    
  Note that `ring` works primarily in *commutative* rings. If you have a noncommutative ring, abelian group or module, consider using `noncomm_ring`, `abel` or `module` instead.
info: Phys/Algebra/HermitianJordan/PieceA.lean:166:38: Try this:
  [apply] ring_nf
  
  The `ring` tactic failed to close the goal. Use `ring_nf` to obtain a normal form.
    
  Note that `ring` works primarily in *commutative* rings. If you have a noncommutative ring, abelian group or module, consider using `noncomm_ring`, `abel` or `module` instead.
info: Phys/Algebra/HermitianJordan/PieceA.lean:166:38: Try this:
  [apply] ring_nf
  
  The `ring` tactic failed to close the goal. Use `ring_nf` to obtain a normal form.
    
  Note that `ring` works primarily in *commutative* rings. If you have a noncommutative ring, abelian group or module, consider using `noncomm_ring`, `abel` or `module` instead.
info: Phys/Algebra/HermitianJordan/PieceA.lean:166:38: Try this:
  [apply] ring_nf
  
  The `ring` tactic failed to close the goal. Use `ring_nf` to obtain a normal form.
    
  Note that `ring` works primarily in *commutative* rings. If you have a noncommutative ring, abelian group or module, consider using `noncomm_ring`, `abel` or `module` instead.
info: Phys/Algebra/HermitianJordan/PieceA.lean:166:38: Try this:
  [apply] ring_nf
  
  The `ring` tactic failed to close the goal. Use `ring_nf` to obtain a normal form.
    
  Note that `ring` works primarily in *commutative* rings. If you have a noncommutative ring, abelian group or module, consider using `noncomm_ring`, `abel` or `module` instead.
info: Phys/Algebra/HermitianJordan/PieceA.lean:166:38: Try this:
  [apply] ring_nf
  
  The `ring` tactic failed to close the goal. Use `ring_nf` to obtain a normal form.
    
  Note that `ring` works primarily in *commutative* rings. If you have a noncommutative ring, abelian group or module, consider using `noncomm_ring`, `abel` or `module` instead.
info: Phys/Algebra/HermitianJordan/PieceA.lean:166:38: Try this:
  [apply] ring_nf
  
  The `ring` tactic failed to close the goal. Use `ring_nf` to obtain a normal form.
    
  Note that `ring` works primarily in *commutative* rings. If you have a noncommutative ring, abelian group or module, consider using `noncomm_ring`, `abel` or `module` instead.
info: Phys/Algebra/HermitianJordan/PieceA.lean:166:38: Try this:
  [apply] ring_nf
  
  The `ring` tactic failed to close the goal. Use `ring_nf` to obtain a normal form.
    
  Note that `ring` works primarily in *commutative* rings. If you have a noncommutative ring, abelian group or module, consider using `noncomm_ring`, `abel` or `module` instead.
info: Phys/Algebra/HermitianJordan/PieceA.lean:166:38: Try this:
  [apply] ring_nf
  
  The `ring` tactic failed to close the goal. Use `ring_nf` to obtain a normal form.
    
  Note that `ring` works primarily in *commutative* rings. If you have a noncommutative ring, abelian group or module, consider using `noncomm_ring`, `abel` or `module` instead.
info: Phys/Algebra/HermitianJordan/PieceA.lean:166:38: Try this:
  [apply] ring_nf
  
  The `ring` tactic failed to close the goal. Use `ring_nf` to obtain a normal form.
    
  Note that `ring` works primarily in *commutative* rings. If you have a noncommutative ring, abelian group or module, consider using `noncomm_ring`, `abel` or `module` instead.
info: Phys/Algebra/HermitianJordan/PieceA.lean:166:38: Try this:
  [apply] ring_nf
  
  The `ring` tactic failed to close the goal. Use `ring_nf` to obtain a normal form.
    
  Note that `ring` works primarily in *commutative* rings. If you have a noncommutative ring, abelian group or module, consider using `noncomm_ring`, `abel` or `module` instead.
info: Phys/Algebra/HermitianJordan/PieceA.lean:166:38: Try this:
  [apply] ring_nf
  
  The `ring` tactic failed to close the goal. Use `ring_nf` to obtain a normal form.
    
  Note that `ring` works primarily in *commutative* rings. If you have a noncommutative ring, abelian group or module, consider using `noncomm_ring`, `abel` or `module` instead.
info: Phys/Algebra/HermitianJordan/PieceA.lean:166:38: Try this:
  [apply] ring_nf
  
  The `ring` tactic failed to close the goal. Use `ring_nf` to obtain a normal form.
    
  Note that `ring` works primarily in *commutative* rings. If you have a noncommutative ring, abelian group or module, consider using `noncomm_ring`, `abel` or `module` instead.
info: Phys/Algebra/HermitianJordan/PieceA.lean:166:38: Try this:
  [apply] ring_nf
  
  The `ring` tactic failed to close the goal. Use `ring_nf` to obtain a normal form.
    
  Note that `ring` works primarily in *commutative* rings. If you have a noncommutative ring, abelian group or module, consider using `noncomm_ring`, `abel` or `module` instead.
info: Phys/Algebra/HermitianJordan/PieceA.lean:166:38: Try this:
  [apply] ring_nf
  
  The `ring` tactic failed to close the goal. Use `ring_nf` to obtain a normal form.
    
  Note that `ring` works primarily in *commutative* rings. If you have a noncommutative ring, abelian group or module, consider using `noncomm_ring`, `abel` or `module` instead.
info: Phys/Algebra/HermitianJordan/PieceA.lean:166:38: Try this:
  [apply] ring_nf
  
  The `ring` tactic failed to close the goal. Use `ring_nf` to obtain a normal form.
    
  Note that `ring` works primarily in *commutative* rings. If you have a noncommutative ring, abelian group or module, consider using `noncomm_ring`, `abel` or `module` instead.
info: Phys/Algebra/HermitianJordan/PieceA.lean:166:38: Try this:
  [apply] ring_nf
  
  The `ring` tactic failed to close the goal. Use `ring_nf` to obtain a normal form.
    
  Note that `ring` works primarily in *commutative* rings. If you have a noncommutative ring, abelian group or module, consider using `noncomm_ring`, `abel` or `module` instead.
info: Phys/Algebra/HermitianJordan/PieceA.lean:166:38: Try this:
  [apply] ring_nf
  
  The `ring` tactic failed to close the goal. Use `ring_nf` to obtain a normal form.
    
  Note that `ring` works primarily in *commutative* rings. If you have a noncommutative ring, abelian group or module, consider using `noncomm_ring`, `abel` or `module` instead.
info: Phys/Algebra/HermitianJordan/PieceA.lean:166:38: Try this:
  [apply] ring_nf
  
  The `ring` tactic failed to close the goal. Use `ring_nf` to obtain a normal form.
    
  Note that `ring` works primarily in *commutative* rings. If you have a noncommutative ring, abelian group or module, consider using `noncomm_ring`, `abel` or `module` instead.
info: Phys/Algebra/HermitianJordan/PieceA.lean:166:38: Try this:
  [apply] ring_nf
  
  The `ring` tactic failed to close the goal. Use `ring_nf` to obtain a normal form.
    
  Note that `ring` works primarily in *commutative* rings. If you have a noncommutative ring, abelian group or module, consider using `noncomm_ring`, `abel` or `module` instead.
info: Phys/Algebra/HermitianJordan/PieceA.lean:166:38: Try this:
  [apply] ring_nf
  
  The `ring` tactic failed to close the goal. Use `ring_nf` to obtain a normal form.
    
  Note that `ring` works primarily in *commutative* rings. If you have a noncommutative ring, abelian group or module, consider using `noncomm_ring`, `abel` or `module` instead.
info: Phys/Algebra/HermitianJordan/PieceA.lean:166:38: Try this:
  [apply] ring_nf
  
  The `ring` tactic failed to close the goal. Use `ring_nf` to obtain a normal form.
    
  Note that `ring` works primarily in *commutative* rings. If you have a noncommutative ring, abelian group or module, consider using `noncomm_ring`, `abel` or `module` instead.
info: Phys/Algebra/HermitianJordan/PieceA.lean:166:38: Try this:
  [apply] ring_nf
  
  The `ring` tactic failed to close the goal. Use `ring_nf` to obtain a normal form.
    
  Note that `ring` works primarily in *commutative* rings. If you have a noncommutative ring, abelian group or module, consider using `noncomm_ring`, `abel` or `module` instead.
⚠ [3429/3679] Replayed Phys.Algebra.HermitianJordan.PieceBdeg1
warning: Phys/Algebra/HermitianJordan/PieceBdeg1.lean:59:0: automatically included section variable(s) unused in theorem `Phys.Algebra.HJ.Du0_00`:
  [StarRing B]
consider restructuring your `variable` declarations so that the variables are not in scope or explicitly omit them:
  omit [StarRing B] in theorem ...

Note: This linter can be disabled with `set_option linter.unusedSectionVars false`
warning: Phys/Algebra/HermitianJordan/PieceBdeg1.lean:60:0: automatically included section variable(s) unused in theorem `Phys.Algebra.HJ.Du0_11`:
  [StarRing B]
consider restructuring your `variable` declarations so that the variables are not in scope or explicitly omit them:
  omit [StarRing B] in theorem ...

Note: This linter can be disabled with `set_option linter.unusedSectionVars false`
warning: Phys/Algebra/HermitianJordan/PieceBdeg1.lean:61:0: automatically included section variable(s) unused in theorem `Phys.Algebra.HJ.Du0_22`:
  [StarRing B]
consider restructuring your `variable` declarations so that the variables are not in scope or explicitly omit them:
  omit [StarRing B] in theorem ...

Note: This linter can be disabled with `set_option linter.unusedSectionVars false`
warning: Phys/Algebra/HermitianJordan/PieceBdeg1.lean:62:0: automatically included section variable(s) unused in theorem `Phys.Algebra.HJ.Du1_00`:
  [StarRing B]
consider restructuring your `variable` declarations so that the variables are not in scope or explicitly omit them:
  omit [StarRing B] in theorem ...

Note: This linter can be disabled with `set_option linter.unusedSectionVars false`
warning: Phys/Algebra/HermitianJordan/PieceBdeg1.lean:63:0: automatically included section variable(s) unused in theorem `Phys.Algebra.HJ.Du1_11`:
  [StarRing B]
consider restructuring your `variable` declarations so that the variables are not in scope or explicitly omit them:
  omit [StarRing B] in theorem ...

Note: This linter can be disabled with `set_option linter.unusedSectionVars false`
warning: Phys/Algebra/HermitianJordan/PieceBdeg1.lean:64:0: automatically included section variable(s) unused in theorem `Phys.Algebra.HJ.Du1_22`:
  [StarRing B]
consider restructuring your `variable` declarations so that the variables are not in scope or explicitly omit them:
  omit [StarRing B] in theorem ...

Note: This linter can be disabled with `set_option linter.unusedSectionVars false`
warning: Phys/Algebra/HermitianJordan/PieceBdeg1.lean:65:0: automatically included section variable(s) unused in theorem `Phys.Algebra.HJ.Du2_00`:
  [StarRing B]
consider restructuring your `variable` declarations so that the variables are not in scope or explicitly omit them:
  omit [StarRing B] in theorem ...

Note: This linter can be disabled with `set_option linter.unusedSectionVars false`
warning: Phys/Algebra/HermitianJordan/PieceBdeg1.lean:66:0: automatically included section variable(s) unused in theorem `Phys.Algebra.HJ.Du2_11`:
  [StarRing B]
consider restructuring your `variable` declarations so that the variables are not in scope or explicitly omit them:
  omit [StarRing B] in theorem ...

Note: This linter can be disabled with `set_option linter.unusedSectionVars false`
warning: Phys/Algebra/HermitianJordan/PieceBdeg1.lean:67:0: automatically included section variable(s) unused in theorem `Phys.Algebra.HJ.Du2_22`:
  [StarRing B]
consider restructuring your `variable` declarations so that the variables are not in scope or explicitly omit them:
  omit [StarRing B] in theorem ...

Note: This linter can be disabled with `set_option linter.unusedSectionVars false`
warning: Phys/Algebra/HermitianJordan/PieceBdeg1.lean:69:0: automatically included section variable(s) unused in theorem `Phys.Algebra.HJ.Du0_01`:
  [StarRing B]
consider restructuring your `variable` declarations so that the variables are not in scope or explicitly omit them:
  omit [StarRing B] in theorem ...

Note: This linter can be disabled with `set_option linter.unusedSectionVars false`
warning: Phys/Algebra/HermitianJordan/PieceBdeg1.lean:70:0: automatically included section variable(s) unused in theorem `Phys.Algebra.HJ.Du0_02`:
  [StarRing B]
consider restructuring your `variable` declarations so that the variables are not in scope or explicitly omit them:
  omit [StarRing B] in theorem ...

Note: This linter can be disabled with `set_option linter.unusedSectionVars false`
warning: Phys/Algebra/HermitianJordan/PieceBdeg1.lean:71:0: automatically included section variable(s) unused in theorem `Phys.Algebra.HJ.Du0_10`:
  [StarRing B]
consider restructuring your `variable` declarations so that the variables are not in scope or explicitly omit them:
  omit [StarRing B] in theorem ...

Note: This linter can be disabled with `set_option linter.unusedSectionVars false`
warning: Phys/Algebra/HermitianJordan/PieceBdeg1.lean:72:0: automatically included section variable(s) unused in theorem `Phys.Algebra.HJ.Du0_12`:
  [StarRing B]
consider restructuring your `variable` declarations so that the variables are not in scope or explicitly omit them:
  omit [StarRing B] in theorem ...

Note: This linter can be disabled with `set_option linter.unusedSectionVars false`
warning: Phys/Algebra/HermitianJordan/PieceBdeg1.lean:73:0: automatically included section variable(s) unused in theorem `Phys.Algebra.HJ.Du0_20`:
  [StarRing B]
consider restructuring your `variable` declarations so that the variables are not in scope or explicitly omit them:
  omit [StarRing B] in theorem ...

Note: This linter can be disabled with `set_option linter.unusedSectionVars false`
warning: Phys/Algebra/HermitianJordan/PieceBdeg1.lean:74:0: automatically included section variable(s) unused in theorem `Phys.Algebra.HJ.Du0_21`:
  [StarRing B]
consider restructuring your `variable` declarations so that the variables are not in scope or explicitly omit them:
  omit [StarRing B] in theorem ...

Note: This linter can be disabled with `set_option linter.unusedSectionVars false`
warning: Phys/Algebra/HermitianJordan/PieceBdeg1.lean:75:0: automatically included section variable(s) unused in theorem `Phys.Algebra.HJ.Du1_01`:
  [StarRing B]
consider restructuring your `variable` declarations so that the variables are not in scope or explicitly omit them:
  omit [StarRing B] in theorem ...

Note: This linter can be disabled with `set_option linter.unusedSectionVars false`
warning: Phys/Algebra/HermitianJordan/PieceBdeg1.lean:76:0: automatically included section variable(s) unused in theorem `Phys.Algebra.HJ.Du1_02`:
  [StarRing B]
consider restructuring your `variable` declarations so that the variables are not in scope or explicitly omit them:
  omit [StarRing B] in theorem ...

Note: This linter can be disabled with `set_option linter.unusedSectionVars false`
warning: Phys/Algebra/HermitianJordan/PieceBdeg1.lean:77:0: automatically included section variable(s) unused in theorem `Phys.Algebra.HJ.Du1_10`:
  [StarRing B]
consider restructuring your `variable` declarations so that the variables are not in scope or explicitly omit them:
  omit [StarRing B] in theorem ...

Note: This linter can be disabled with `set_option linter.unusedSectionVars false`
warning: Phys/Algebra/HermitianJordan/PieceBdeg1.lean:78:0: automatically included section variable(s) unused in theorem `Phys.Algebra.HJ.Du1_12`:
  [StarRing B]
consider restructuring your `variable` declarations so that the variables are not in scope or explicitly omit them:
  omit [StarRing B] in theorem ...

Note: This linter can be disabled with `set_option linter.unusedSectionVars false`
warning: Phys/Algebra/HermitianJordan/PieceBdeg1.lean:79:0: automatically included section variable(s) unused in theorem `Phys.Algebra.HJ.Du1_20`:
  [StarRing B]
consider restructuring your `variable` declarations so that the variables are not in scope or explicitly omit them:
  omit [StarRing B] in theorem ...

Note: This linter can be disabled with `set_option linter.unusedSectionVars false`
warning: Phys/Algebra/HermitianJordan/PieceBdeg1.lean:80:0: automatically included section variable(s) unused in theorem `Phys.Algebra.HJ.Du1_21`:
  [StarRing B]
consider restructuring your `variable` declarations so that the variables are not in scope or explicitly omit them:
  omit [StarRing B] in theorem ...

Note: This linter can be disabled with `set_option linter.unusedSectionVars false`
warning: Phys/Algebra/HermitianJordan/PieceBdeg1.lean:81:0: automatically included section variable(s) unused in theorem `Phys.Algebra.HJ.Du2_01`:
  [StarRing B]
consider restructuring your `variable` declarations so that the variables are not in scope or explicitly omit them:
  omit [StarRing B] in theorem ...

Note: This linter can be disabled with `set_option linter.unusedSectionVars false`
warning: Phys/Algebra/HermitianJordan/PieceBdeg1.lean:82:0: automatically included section variable(s) unused in theorem `Phys.Algebra.HJ.Du2_02`:
  [StarRing B]
consider restructuring your `variable` declarations so that the variables are not in scope or explicitly omit them:
  omit [StarRing B] in theorem ...

Note: This linter can be disabled with `set_option linter.unusedSectionVars false`
warning: Phys/Algebra/HermitianJordan/PieceBdeg1.lean:83:0: automatically included section variable(s) unused in theorem `Phys.Algebra.HJ.Du2_10`:
  [StarRing B]
consider restructuring your `variable` declarations so that the variables are not in scope or explicitly omit them:
  omit [StarRing B] in theorem ...

Note: This linter can be disabled with `set_option linter.unusedSectionVars false`
warning: Phys/Algebra/HermitianJordan/PieceBdeg1.lean:84:0: automatically included section variable(s) unused in theorem `Phys.Algebra.HJ.Du2_12`:
  [StarRing B]
consider restructuring your `variable` declarations so that the variables are not in scope or explicitly omit them:
  omit [StarRing B] in theorem ...

Note: This linter can be disabled with `set_option linter.unusedSectionVars false`
warning: Phys/Algebra/HermitianJordan/PieceBdeg1.lean:85:0: automatically included section variable(s) unused in theorem `Phys.Algebra.HJ.Du2_20`:
  [StarRing B]
consider restructuring your `variable` declarations so that the variables are not in scope or explicitly omit them:
  omit [StarRing B] in theorem ...

Note: This linter can be disabled with `set_option linter.unusedSectionVars false`
warning: Phys/Algebra/HermitianJordan/PieceBdeg1.lean:86:0: automatically included section variable(s) unused in theorem `Phys.Algebra.HJ.Du2_21`:
  [StarRing B]
consider restructuring your `variable` declarations so that the variables are not in scope or explicitly omit them:
  omit [StarRing B] in theorem ...

Note: This linter can be disabled with `set_option linter.unusedSectionVars false`
⚠ [3468/3679] Replayed Phys.Algebra.DerivationH
warning: Phys/Algebra/DerivationH.lean:75:59: This simp argument is unused:
  Dbl.star_J

Hint: Omit it from the simp argument list.
  simp [CD.iota, CD.e2, D̵b̵l̵.̵s̵t̵a̵r̵_̵J̵,̵ ̵Dbl.J]

Note: This linter can be disabled with `set_option linter.unusedSimpArgs false`
warning: Phys/Algebra/DerivationH.lean:75:82: 'ring' tactic does nothing

Note: This linter can be disabled with `set_option linter.unusedTactic false`
warning: Phys/Algebra/DerivationH.lean:75:82: this tactic is never executed

Note: This linter can be disabled with `set_option linter.unreachableTactic false`
warning: Phys/Algebra/DerivationH.lean:77:59: This simp argument is unused:
  Dbl.star_J

Hint: Omit it from the simp argument list.
  simp [CD.iota, CD.e2, D̵b̵l̵.̵s̵t̵a̵r̵_̵J̵,̵ ̵Dbl.J]

Note: This linter can be disabled with `set_option linter.unusedSimpArgs false`
warning: Phys/Algebra/DerivationH.lean:77:82: 'ring' tactic does nothing

Note: This linter can be disabled with `set_option linter.unusedTactic false`
warning: Phys/Algebra/DerivationH.lean:77:82: this tactic is never executed

Note: This linter can be disabled with `set_option linter.unreachableTactic false`
warning: Phys/Algebra/DerivationH.lean:79:59: This simp argument is unused:
  Dbl.star_J

Hint: Omit it from the simp argument list.
  simp [CD.iota, CD.e2, D̵b̵l̵.̵s̵t̵a̵r̵_̵J̵,̵ ̵Dbl.J]

Note: This linter can be disabled with `set_option linter.unusedSimpArgs false`
warning: Phys/Algebra/DerivationH.lean:79:82: 'ring' tactic does nothing

Note: This linter can be disabled with `set_option linter.unusedTactic false`
warning: Phys/Algebra/DerivationH.lean:79:82: this tactic is never executed

Note: This linter can be disabled with `set_option linter.unreachableTactic false`
warning: Phys/Algebra/DerivationH.lean:81:59: This simp argument is unused:
  Dbl.star_J

Hint: Omit it from the simp argument list.
  simp [CD.iota, CD.e2, D̵b̵l̵.̵s̵t̵a̵r̵_̵J̵,̵ ̵Dbl.J]

Note: This linter can be disabled with `set_option linter.unusedSimpArgs false`
warning: Phys/Algebra/DerivationH.lean:81:82: 'ring' tactic does nothing

Note: This linter can be disabled with `set_option linter.unusedTactic false`
warning: Phys/Algebra/DerivationH.lean:81:82: this tactic is never executed

Note: This linter can be disabled with `set_option linter.unreachableTactic false`
warning: Phys/Algebra/DerivationH.lean:83:59: This simp argument is unused:
  Dbl.star_J

Hint: Omit it from the simp argument list.
  simp [CD.iota, CD.e2, D̵b̵l̵.̵s̵t̵a̵r̵_̵J̵,̵ ̵Dbl.J]

Note: This linter can be disabled with `set_option linter.unusedSimpArgs false`
warning: Phys/Algebra/DerivationH.lean:83:82: 'ring' tactic does nothing

Note: This linter can be disabled with `set_option linter.unusedTactic false`
warning: Phys/Algebra/DerivationH.lean:83:82: this tactic is never executed

Note: This linter can be disabled with `set_option linter.unreachableTactic false`
⚠ [3474/3679] Replayed Phys.Algebra.OctonionJordanFrameWeight
warning: Phys/Algebra/OctonionJordanFrameWeight.lean:142:43: This simp argument is unused:
  Matrix.one_apply

Hint: Omit it from the simp argument list.
  simp [Du0, Du1, Du2, Matrix.add_apply,̵ ̵M̵a̵t̵r̵i̵x̵.̵o̵n̵e̵_̵a̵p̵p̵l̵y̵]

Note: This linter can be disabled with `set_option linter.unusedSimpArgs false`
warning: Phys/Algebra/OctonionJordanFrameWeight.lean:154:45: This simp argument is unused:
  Matrix.diagonal_mul

Hint: Omit it from the simp argument list.
  simp only [jb, Matrix.add_apply, Du0, Du1, M̵a̵t̵r̵i̵x̵.̵d̵i̵a̵g̵o̵n̵a̵l̵_̵m̵u̵l̵,̵ ̵Matrix.mul_diagonal]

Note: This linter can be disabled with `set_option linter.unusedSimpArgs false`
warning: Phys/Algebra/OctonionJordanFrameWeight.lean:166:47: This simp argument is unused:
  Matrix.cons_val_zero

Hint: Omit it from the simp argument list.
  simp only [Matrix.smul_apply, qsmul_def, Xz, Matrix.cons_val_z̵e̵r̵o,̵
  ̵ ̵ ̵ ̵ ̵M̵a̵t̵r̵i̵x̵.̵c̵o̵ns̵_̵v̵a̵l̵_̵o̵n̵e, Matrix.head_cons,
  ̲  ̲ ̲ ̲Matrix.empty_val',
  ̵  ̵ ̵ ̵ocR, CD.mul_re, CD.mul_im, CD.one_re, CD.one_im, mul_one, mul_zero, sub_zero,
  ̲  ̲ ̲ ̲add_zero,
  ̵  ̵ ̵ ̵Dbl.mul_re, Dbl.mul_im, Dbl.one_re, Dbl.one_im]

Note: This linter can be disabled with `set_option linter.unusedSimpArgs false`
warning: Phys/Algebra/OctonionJordanFrameWeight.lean:167:4: This simp argument is unused:
  Matrix.cons_val_one

Hint: Omit it from the simp argument list.
  simp only [Matrix.smul_apply, qsmul_def, Xz, Matrix.cons_val_zero,
  ̵  ̵ ̵ ̵Matrix.c̵o̵n̵s̵_̵v̵a̵l̵_̵o̵n̵e̵,̵ ̵M̵a̵t̵r̵i̵x̵.̵head_cons,
  ̲  ̲ ̲ ̲Matrix.empty_val',
  ̵  ̵ ̵ ̵ocR, CD.mul_re, CD.mul_im, CD.one_re, CD.one_im, mul_one, mul_zero, sub_zero,
  ̲  ̲ ̲ ̲add_zero,
  ̵  ̵ ̵ ̵Dbl.mul_re, Dbl.mul_im, Dbl.one_re, Dbl.one_im]

Note: This linter can be disabled with `set_option linter.unusedSimpArgs false`
warning: Phys/Algebra/OctonionJordanFrameWeight.lean:167:25: This simp argument is unused:
  Matrix.head_cons

Hint: Omit it from the simp argument list.
  simp only [Matrix.smul_apply, qsmul_def, Xz, Matrix.cons_val_zero, Matrix.cons_val_one,
  ̲  ̲ ̲ ̲M̵a̵t̵r̵i̵x̵.̵h̵e̵a̵d̵_̵c̵o̵n̵s̵,̵ ̵Matrix.empty_val', ocR, CD.mul_re, CD.mul_im, CD.one_re, CD.one_im, mul_one, mul_zero, sub_zero,
  ̲  ̲ ̲ ̲add_zero, Dbl.mul_re, Dbl.mul_im, Dbl.one_re, Dbl.one_im]

Note: This linter can be disabled with `set_option linter.unusedSimpArgs false`
warning: Phys/Algebra/OctonionJordanFrameWeight.lean:167:43: This simp argument is unused:
  Matrix.empty_val'

Hint: Omit it from the simp argument list.
  simp only [Matrix.smul_apply, qsmul_def, Xz, Matrix.cons_val_zero,
  ̵  ̵ ̵ ̵Matrix.cons_val_one,
  ̲  ̲ ̲ ̲Matrix.head_cons, M̵a̵t̵r̵i̵x̵.̵e̵m̵p̵t̵y̵_̵v̵a̵l̵'̵,̵
  ̵ ̵ ̵ ̵ ̵ocR, CD.mul_re, CD.mul_im, CD.one_re, CD.one_im, mul_one, mul_zero, sub_zero,
  ̲  ̲ ̲ ̲add_zero,
  ̵  ̵ ̵ ̵Dbl.mul_re, Dbl.mul_im, Dbl.one_re, Dbl.one_im]

Note: This linter can be disabled with `set_option linter.unusedSimpArgs false`
warning: Phys/Algebra/OctonionJordanFrameWeight.lean:168:20: This simp argument is unused:
  CD.mul_im

Hint: Omit it from the simp argument list.
  simp only [Matrix.smul_apply, qsmul_def, Xz, Matrix.cons_val_zero,
  ̵  ̵ ̵ ̵Matrix.cons_val_one,
  ̲  ̲ ̲ ̲Matrix.head_cons, Matrix.empty_val',
  ̵  ̵ ̵ ̵ocR, CD.mul_re, CD.m̵u̵l̵_̵i̵m̵,̵ ̵C̵D̵.̵one_re, CD.one_im, mul_one, mul_zero,
  ̲  ̲ ̲ ̲sub_zero, add_zero,
  ̵  ̵ ̵ ̵Dbl.mul_re, Dbl.mul_im, Dbl.one_re, Dbl.one_im]

Note: This linter can be disabled with `set_option linter.unusedSimpArgs false`
warning: Phys/Algebra/OctonionJordanFrameWeight.lean:168:31: This simp argument is unused:
  CD.one_re

Hint: Omit it from the simp argument list.
  simp only [Matrix.smul_apply, qsmul_def, Xz, Matrix.cons_val_zero,
  ̵  ̵ ̵ ̵Matrix.cons_val_one,
  ̲  ̲ ̲ ̲Matrix.head_cons, Matrix.empty_val',
  ̵  ̵ ̵ ̵ocR, CD.mul_re, CD.mul_im, CD.one_r̵e̵,̵ ̵C̵D̵.̵o̵n̵e̵_̵im, mul_one, mul_zero,
  ̲  ̲ ̲ ̲sub_zero, add_zero,
  ̵  ̵ ̵ ̵Dbl.mul_re, Dbl.mul_im, Dbl.one_re, Dbl.one_im]

Note: This linter can be disabled with `set_option linter.unusedSimpArgs false`
warning: Phys/Algebra/OctonionJordanFrameWeight.lean:168:42: This simp argument is unused:
  CD.one_im

Hint: Omit it from the simp argument list.
  simp only [Matrix.smul_apply, qsmul_def, Xz, Matrix.cons_val_zero,
  ̵  ̵ ̵ ̵Matrix.cons_val_one,
  ̲  ̲ ̲ ̲Matrix.head_cons, Matrix.empty_val',
  ̵  ̵ ̵ ̵ocR, CD.mul_re, CD.mul_im, CD.one_re, C̵D̵.̵o̵n̵e̵_̵i̵m,̵ ̵m̵ul_one, mul_zero,
  ̲  ̲ ̲ ̲sub_zero, add_zero,
  ̵  ̵ ̵ ̵Dbl.mul_re, Dbl.mul_im, Dbl.one_re, Dbl.one_im]

Note: This linter can be disabled with `set_option linter.unusedSimpArgs false`
warning: Phys/Algebra/OctonionJordanFrameWeight.lean:168:53: This simp argument is unused:
  mul_one

Hint: Omit it from the simp argument list.
  simp only [Matrix.smul_apply, qsmul_def, Xz, Matrix.cons_val_zero,
  ̵  ̵ ̵ ̵Matrix.cons_val_one,
  ̲  ̲ ̲ ̲Matrix.head_cons, Matrix.empty_val',
  ̵  ̵ ̵ ̵ocR, CD.mul_re, CD.mul_im, CD.one_re, CD.one_im, mul_o̵n̵z̲er̲o̲,
  ̲ m̵u̵l̵_̵z̵e̵r̵o̵,̵  ̲ ̲sub_zero, add_zero,
  ̵  ̵ ̵ ̵Dbl.mul_re, Dbl.mul_im, Dbl.one_re, Dbl.one_im]

Note: This linter can be disabled with `set_option linter.unusedSimpArgs false`
warning: Phys/Algebra/OctonionJordanFrameWeight.lean:168:62: This simp argument is unused:
  mul_zero

Hint: Omit it from the simp argument list.
  simp only [Matrix.smul_apply, qsmul_def, Xz, Matrix.cons_val_zero,
  ̵  ̵ ̵ ̵Matrix.cons_val_one,
  ̲  ̲ ̲ ̲Matrix.head_cons, Matrix.empty_val',
  ̵  ̵ ̵ ̵ocR, CD.mul_re, CD.mul_im, CD.one_re, CD.one_im, mul_one,
  ̲ m̵u̵l̵_̵z̵e̵r̵o̵,̵  ̲ ̲sub_zero, add_zero,
  ̵  ̵ ̵ ̵Dbl.mul_re, Dbl.mul_im, Dbl.one_re, Dbl.one_im]

Note: This linter can be disabled with `set_option linter.unusedSimpArgs false`
warning: Phys/Algebra/OctonionJordanFrameWeight.lean:168:72: This simp argument is unused:
  sub_zero

Hint: Omit it from the simp argument list.
  simp only [Matrix.smul_apply, qsmul_def, Xz, Matrix.cons_val_zero,
  ̵  ̵ ̵ ̵Matrix.cons_val_one,
  ̲  ̲ ̲ ̲Matrix.head_cons, Matrix.empty_val',
  ̵  ̵ ̵ ̵ocR, CD.mul_re, CD.mul_im, CD.one_re, CD.one_im, mul_one,
  ̲  ̲ ̲ ̲mul_zero, s̵u̵b̵_̵z̵e̵r̵o̵,̵ ̵add_zero,
  ̵  ̵ ̵ ̵Dbl.mul_re, Dbl.mul_im, Dbl.one_re, Dbl.one_im]

Note: This linter can be disabled with `set_option linter.unusedSimpArgs false`
warning: Phys/Algebra/OctonionJordanFrameWeight.lean:168:82: This simp argument is unused:
  add_zero

Hint: Omit it from the simp argument list.
  simp only [Matrix.smul_apply, qsmul_def, Xz, Matrix.cons_val_zero,
  ̵  ̵ ̵ ̵Matrix.cons_val_one,
  ̲  ̲ ̲ ̲Matrix.head_cons, Matrix.empty_val',
  ̵  ̵ ̵ ̵ocR, CD.mul_re, CD.mul_im, CD.one_re, CD.one_im, mul_one,
  ̲  ̲ ̲ ̲mul_zero, sub_zero, a̵d̵d̵_̵z̵e̵r̵o̵,̵
  ̵ ̵ ̵ ̵ ̵Dbl.mul_re, Dbl.mul_im, Dbl.one_re, Dbl.one_im]

Note: This linter can be disabled with `set_option linter.unusedSimpArgs false`
warning: Phys/Algebra/OctonionJordanFrameWeight.lean:169:4: This simp argument is unused:
  Dbl.mul_re

Hint: Omit it from the simp argument list.
  simp only [Matrix.smul_apply, qsmul_def, Xz, Matrix.cons_val_zero,
  ̵  ̵ ̵ ̵Matrix.cons_val_one,
  ̲  ̲ ̲ ̲Matrix.head_cons, Matrix.empty_val',
  ̵  ̵ ̵ ̵ocR, CD.mul_re, CD.mul_im, CD.one_re, CD.one_im, mul_one,
  ̲  ̲ ̲ ̲mul_zero, sub_zero, add_zero,
  ̵  ̵ ̵ ̵Dbl.mul_r̵e̵,̵ ̵D̵b̵l̵.̵m̵u̵l̵_̵im, Dbl.one_re, Dbl.one_im]

Note: This linter can be disabled with `set_option linter.unusedSimpArgs false`
warning: Phys/Algebra/OctonionJordanFrameWeight.lean:169:16: This simp argument is unused:
  Dbl.mul_im

Hint: Omit it from the simp argument list.
  simp only [Matrix.smul_apply, qsmul_def, Xz, Matrix.cons_val_zero,
  ̵  ̵ ̵ ̵Matrix.cons_val_one,
  ̲  ̲ ̲ ̲Matrix.head_cons, Matrix.empty_val',
  ̵  ̵ ̵ ̵ocR, CD.mul_re, CD.mul_im, CD.one_re, CD.one_im, mul_one,
  ̲  ̲ ̲ ̲mul_zero, sub_zero, add_zero,
  ̵  ̵ ̵ ̵Dbl.mul_re, Dbl.m̵u̵l̵_̵i̵m̵,̵ ̵D̵b̵l̵.̵one_re, Dbl.one_im]

Note: This linter can be disabled with `set_option linter.unusedSimpArgs false`
warning: Phys/Algebra/OctonionJordanFrameWeight.lean:169:28: This simp argument is unused:
  Dbl.one_re

Hint: Omit it from the simp argument list.
  simp only [Matrix.smul_apply, qsmul_def, Xz, Matrix.cons_val_zero,
  ̵  ̵ ̵ ̵Matrix.cons_val_one,
  ̲  ̲ ̲ ̲Matrix.head_cons, Matrix.empty_val',
  ̵  ̵ ̵ ̵ocR, CD.mul_re, CD.mul_im, CD.one_re, CD.one_im, mul_one,
  ̲  ̲ ̲ ̲mul_zero, sub_zero, add_zero,
  ̵  ̵ ̵ ̵Dbl.mul_re, Dbl.mul_im, Dbl.one_r̵e̵,̵ ̵D̵b̵l̵.̵o̵n̵e̵_̵im]

Note: This linter can be disabled with `set_option linter.unusedSimpArgs false`
warning: Phys/Algebra/OctonionJordanFrameWeight.lean:169:40: This simp argument is unused:
  Dbl.one_im

Hint: Omit it from the simp argument list.
  simp only [Matrix.smul_apply, qsmul_def, Xz, Matrix.cons_val_zero, Matrix.cons_val_one,
  ̲  ̲ ̲ ̲Matrix.head_cons, Matrix.empty_val', ocR, CD.mul_re, CD.mul_im, CD.one_re, CD.one_im, mul_one,
  ̲  ̲ ̲ ̲mul_zero, sub_zero, add_zero, Dbl.mul_re, Dbl.mul_im, D̵b̵l̵.̵o̵n̵e̵_̵r̵e̵,̵ ̵D̵b̵l̵.̵o̵n̵e̵_̵i̵m̵]̵D̲b̲l̲.̲o̲n̲e̲_̲r̲e̲]̲

Note: This linter can be disabled with `set_option linter.unusedSimpArgs false`
⚠ [3475/3679] Replayed Phys.Algebra.OctonionJordanWeightDiagram
warning: Phys/Algebra/OctonionJordanWeightDiagram.lean:217:13: This simp argument is unused:
  Matrix.smul_apply

Hint: Omit it from the simp argument list.
  simp only [M̵a̵t̵r̵i̵x̵.̵s̵m̵u̵l̵_̵a̵p̵p̵l̵y̵,̵ ̵qsmul_def, Xz, Matrix.cons_val', Matrix.cons_val_zero,
  ̵  ̵ ̵ ̵Matrix.cons_val_one,
  ̲  ̲ ̲ ̲Matrix.head_cons, Matrix.cons_val_two, Matrix.tail_cons,
  ̵  ̵ ̵ ̵Matrix.empty_val',
  ̲  ̲ ̲ ̲Matrix.cons_val_fin_one, Matrix.head_fin_const,
  ̵  ̵ ̵ ̵ocR, CD.mul_re, CD.mul_im, CD.one_re, CD.one_im,
  ̲  ̲ ̲ ̲mul_one, mul_zero, sub_zero, add_zero,
  ̵  ̵ ̵ ̵Dbl.mul_re]

Note: This linter can be disabled with `set_option linter.unusedSimpArgs false`
warning: Phys/Algebra/OctonionJordanWeightDiagram.lean:217:47: This simp argument is unused:
  Matrix.cons_val'

Hint: Omit it from the simp argument list.
  simp only [Matrix.smul_apply, qsmul_def, Xz, Matrix.cons_val'̵_̲z̲e̲r̲o̲, Matrix.cons_val_z̵o̲n̲er̵o̵,
      Matrix.c̵o̵n̵s̵_̵v̵a̵l̵_̵o̵n̵e̵,̵ ̵M̵a̵t̵r̵i̵x̵.̵head_cons, Matrix.cons_val_two, Matrix.tail_cons,
  ̵  ̵ ̵ ̵Matrix.empty_val',
  ̲  ̲ ̲ ̲Matrix.cons_val_fin_one, Matrix.head_fin_const,
  ̵  ̵ ̵ ̵ocR, CD.mul_re, CD.mul_im, CD.one_re, CD.one_im,
  ̲  ̲ ̲ ̲mul_one, mul_zero, sub_zero, add_zero,
  ̵  ̵ ̵ ̵Dbl.mul_re]

Note: This linter can be disabled with `set_option linter.unusedSimpArgs false`
warning: Phys/Algebra/OctonionJordanWeightDiagram.lean:217:65: This simp argument is unused:
  Matrix.cons_val_zero

Hint: Omit it from the simp argument list.
  simp only [Matrix.smul_apply, qsmul_def, Xz, Matrix.cons_val', Matrix.cons_val_z̵o̲n̲er̵o̵,
      Matrix.c̵o̵n̵s̵_̵v̵a̵l̵_̵o̵n̵e̵,̵ ̵M̵a̵t̵r̵i̵x̵.̵head_cons, Matrix.cons_val_two, Matrix.tail_cons,
  ̵  ̵ ̵ ̵Matrix.empty_val',
  ̲  ̲ ̲ ̲Matrix.cons_val_fin_one, Matrix.head_fin_const,
  ̵  ̵ ̵ ̵ocR, CD.mul_re, CD.mul_im, CD.one_re, CD.one_im,
  ̲  ̲ ̲ ̲mul_one, mul_zero, sub_zero, add_zero,
  ̵  ̵ ̵ ̵Dbl.mul_re]

Note: This linter can be disabled with `set_option linter.unusedSimpArgs false`
warning: Phys/Algebra/OctonionJordanWeightDiagram.lean:218:4: This simp argument is unused:
  Matrix.cons_val_one

Hint: Omit it from the simp argument list.
  simp only [Matrix.smul_apply, qsmul_def, Xz, Matrix.cons_val', Matrix.cons_val_zero,
      Matrix.c̵o̵n̵s̵_̵v̵a̵l̵_̵o̵n̵e̵,̵ ̵M̵a̵t̵r̵i̵x̵.̵head_cons, Matrix.cons_val_two, Matrix.tail_cons,
  ̵  ̵ ̵ ̵Matrix.empty_val',
  ̲  ̲ ̲ ̲Matrix.cons_val_fin_one, Matrix.head_fin_const,
  ̵  ̵ ̵ ̵ocR, CD.mul_re, CD.mul_im, CD.one_re, CD.one_im,
  ̲  ̲ ̲ ̲mul_one, mul_zero, sub_zero, add_zero,
  ̵  ̵ ̵ ̵Dbl.mul_re]

Note: This linter can be disabled with `set_option linter.unusedSimpArgs false`
warning: Phys/Algebra/OctonionJordanWeightDiagram.lean:218:25: This simp argument is unused:
  Matrix.head_cons

Hint: Omit it from the simp argument list.
  simp only [Matrix.smul_apply, qsmul_def, Xz, Matrix.cons_val', Matrix.cons_val_zero,
      Matrix.cons_val_one, Matrix.h̵e̵a̵d̵_̵cons,̵ ̵M̵a̵t̵r̵i̵x̵.̵c̵o̵n̵s̵_val_two, Matrix.tail_cons,
  ̵  ̵ ̵ ̵Matrix.empty_val',
  ̲  ̲ ̲ ̲Matrix.cons_val_fin_one, Matrix.head_fin_const,
  ̵  ̵ ̵ ̵ocR, CD.mul_re, CD.mul_im, CD.one_re, CD.one_im,
  ̲  ̲ ̲ ̲mul_one, mul_zero, sub_zero, add_zero,
  ̵  ̵ ̵ ̵Dbl.mul_re]

Note: This linter can be disabled with `set_option linter.unusedSimpArgs false`
warning: Phys/Algebra/OctonionJordanWeightDiagram.lean:218:43: This simp argument is unused:
  Matrix.cons_val_two

Hint: Omit it from the simp argument list.
  simp only [Matrix.smul_apply, qsmul_def, Xz, Matrix.cons_val', Matrix.cons_val_zero,
      Matrix.cons_val_one, Matrix.head_cons, Matrix.c̵o̵n̵s̵_̵v̵a̵l̵_̵tw̵o̵,̵ ̵M̵at̵r̵ix̵.̵t̵a̵i̵l_cons,
  ̵  ̵ ̵ ̵Matrix.empty_val',
  ̲  ̲ ̲ ̲Matrix.cons_val_fin_one, Matrix.head_fin_const,
  ̵  ̵ ̵ ̵ocR, CD.mul_re, CD.mul_im, CD.one_re, CD.one_im,
  ̲  ̲ ̲ ̲mul_one, mul_zero, sub_zero, add_zero,
  ̵  ̵ ̵ ̵Dbl.mul_re]

Note: This linter can be disabled with `set_option linter.unusedSimpArgs false`
warning: Phys/Algebra/OctonionJordanWeightDiagram.lean:218:64: This simp argument is unused:
  Matrix.tail_cons

Hint: Omit it from the simp argument list.
  simp only [Matrix.smul_apply, qsmul_def, Xz, Matrix.cons_val', Matrix.cons_val_zero,
      Matrix.cons_val_one, Matrix.head_cons, Matrix.cons_val_two, Matrix.t̵a̵i̵l̵_̵c̵o̵n̵s̵,̵
  ̵ ̵ ̵ ̵ ̵M̵a̵t̵r̵i̵x̵.̵empty_val',
  ̲  ̲ ̲ ̲Matrix.cons_val_fin_one, Matrix.head_fin_const,
  ̵  ̵ ̵ ̵ocR, CD.mul_re, CD.mul_im, CD.one_re, CD.one_im,
  ̲  ̲ ̲ ̲mul_one, mul_zero, sub_zero, add_zero,
  ̵  ̵ ̵ ̵Dbl.mul_re]

Note: This linter can be disabled with `set_option linter.unusedSimpArgs false`
warning: Phys/Algebra/OctonionJordanWeightDiagram.lean:219:4: This simp argument is unused:
  Matrix.empty_val'

Hint: Omit it from the simp argument list.
  simp only [Matrix.smul_apply, qsmul_def, Xz, Matrix.cons_val', Matrix.cons_val_zero,
      Matrix.cons_val_one, Matrix.head_cons, Matrix.cons_val_two, Matrix.tail_cons,
      Matrix.e̵m̵p̵t̵y̵_̵v̵a̵l̵'̵,̵ ̵M̵a̵t̵r̵i̵x̵.̵cons_val_fin_one, Matrix.head_fin_const,
  ̵  ̵ ̵ ̵ocR, CD.mul_re, CD.mul_im, CD.one_re, CD.one_im,
  ̲  ̲ ̲ ̲mul_one, mul_zero, sub_zero, add_zero,
  ̵  ̵ ̵ ̵Dbl.mul_re]

Note: This linter can be disabled with `set_option linter.unusedSimpArgs false`
warning: Phys/Algebra/OctonionJordanWeightDiagram.lean:219:23: This simp argument is unused:
  Matrix.cons_val_fin_one

Hint: Omit it from the simp argument list.
  simp only [Matrix.smul_apply, qsmul_def, Xz, Matrix.cons_val', Matrix.cons_val_zero,
      Matrix.cons_val_one, Matrix.head_cons, Matrix.cons_val_two, Matrix.tail_cons,
  ̵  ̵ ̵ ̵Matrix.empty_val',
  ̲ M̵a̵t̵r̵i̵x̵.̵c̵o̵n̵s̵_̵v̵a̵l̵_̵f̵i̵n̵_̵o̵n̵e̵,̵  ̲ ̲Matrix.head_fin_const,
  ̵  ̵ ̵ ̵ocR, CD.mul_re, CD.mul_im, CD.one_re, CD.one_im, mul_one, mul_zero,
  ̲  ̲ ̲ ̲sub_zero, add_zero,
  ̵  ̵ ̵ ̵Dbl.mul_re]

Note: This linter can be disabled with `set_option linter.unusedSimpArgs false`
warning: Phys/Algebra/OctonionJordanWeightDiagram.lean:219:48: This simp argument is unused:
  Matrix.head_fin_const

Hint: Omit it from the simp argument list.
  simp only [Matrix.smul_apply, qsmul_def, Xz, Matrix.cons_val', Matrix.cons_val_zero,
      Matrix.cons_val_one, Matrix.head_cons, Matrix.cons_val_two, Matrix.tail_cons, Matrix.empty_val',
  ̲  ̲ ̲ ̲Matrix.cons_val_fin_one, M̵a̵t̵r̵i̵x̵.̵h̵e̵a̵d̵_̵f̵i̵n̵_̵c̵o̵n̵s̵t̵,̵ocR, CD.mul_re, CD.mul_im, CD.one_re, CD.one_im, mul_one, mul_zero,
  ̲  ̲ ̲ ̲sub_zero, add_zero, Dbl.mul_re]

Note: This linter can be disabled with `set_option linter.unusedSimpArgs false`
warning: Phys/Algebra/OctonionJordanWeightDiagram.lean:220:9: This simp argument is unused:
  CD.mul_re

Hint: Omit it from the simp argument list.
  simp only [Matrix.smul_apply, qsmul_def, Xz, Matrix.cons_val', Matrix.cons_val_zero,
      Matrix.cons_val_one, Matrix.head_cons, Matrix.cons_val_two, Matrix.tail_cons,
  ̵  ̵ ̵ ̵Matrix.empty_val',
  ̲  ̲ ̲ ̲Matrix.cons_val_fin_one, Matrix.head_fin_const,
  ̵  ̵ ̵ ̵ocR, CD.mul_r̵e̵,̵ ̵C̵D̵.̵m̵u̵l̵_̵im, CD.one_re, CD.one_im, mul_one,
  ̲  ̲ ̲ ̲mul_zero, sub_zero, add_zero,
  ̵  ̵ ̵ ̵Dbl.mul_re]

Note: This linter can be disabled with `set_option linter.unusedSimpArgs false`
warning: Phys/Algebra/OctonionJordanWeightDiagram.lean:220:20: This simp argument is unused:
  CD.mul_im

Hint: Omit it from the simp argument list.
  simp only [Matrix.smul_apply, qsmul_def, Xz, Matrix.cons_val', Matrix.cons_val_zero,
      Matrix.cons_val_one, Matrix.head_cons, Matrix.cons_val_two, Matrix.tail_cons,
  ̵  ̵ ̵ ̵Matrix.empty_val',
  ̲  ̲ ̲ ̲Matrix.cons_val_fin_one, Matrix.head_fin_const,
  ̵  ̵ ̵ ̵ocR, CD.mul_re, CD.m̵u̵l̵_̵i̵m̵,̵ ̵C̵D̵.̵one_re, CD.one_im, mul_one,
  ̲  ̲ ̲ ̲mul_zero, sub_zero, add_zero,
  ̵  ̵ ̵ ̵Dbl.mul_re]

Note: This linter can be disabled with `set_option linter.unusedSimpArgs false`
warning: Phys/Algebra/OctonionJordanWeightDiagram.lean:220:31: This simp argument is unused:
  CD.one_re

Hint: Omit it from the simp argument list.
  simp only [Matrix.smul_apply, qsmul_def, Xz, Matrix.cons_val', Matrix.cons_val_zero,
      Matrix.cons_val_one, Matrix.head_cons, Matrix.cons_val_two, Matrix.tail_cons,
  ̵  ̵ ̵ ̵Matrix.empty_val',
  ̲  ̲ ̲ ̲Matrix.cons_val_fin_one, Matrix.head_fin_const,
  ̵  ̵ ̵ ̵ocR, CD.mul_re, CD.mul_im, CD.one_r̵e̵,̵ ̵C̵D̵.̵o̵n̵e̵_̵im, mul_one,
  ̲  ̲ ̲ ̲mul_zero, sub_zero, add_zero,
  ̵  ̵ ̵ ̵Dbl.mul_re]

Note: This linter can be disabled with `set_option linter.unusedSimpArgs false`
warning: Phys/Algebra/OctonionJordanWeightDiagram.lean:220:42: This simp argument is unused:
  CD.one_im

Hint: Omit it from the simp argument list.
  simp only [Matrix.smul_apply, qsmul_def, Xz, Matrix.cons_val', Matrix.cons_val_zero,
      Matrix.cons_val_one, Matrix.head_cons, Matrix.cons_val_two, Matrix.tail_cons,
  ̵  ̵ ̵ ̵Matrix.empty_val',
  ̲  ̲ ̲ ̲Matrix.cons_val_fin_one, Matrix.head_fin_const,
  ̵  ̵ ̵ ̵ocR, CD.mul_re, CD.mul_im, CD.one_re, C̵D̵.̵m̲u̲l̲_̲one_̵i̵m̵,
  ̲ m̵u̵l̵_̵o̵n̵e̵,̵  ̲ ̲mul_zero, sub_zero, add_zero,
  ̵  ̵ ̵ ̵Dbl.mul_re]

Note: This linter can be disabled with `set_option linter.unusedSimpArgs false`
warning: Phys/Algebra/OctonionJordanWeightDiagram.lean:220:72: This simp argument is unused:
  sub_zero

Hint: Omit it from the simp argument list.
  simp only [Matrix.smul_apply, qsmul_def, Xz, Matrix.cons_val', Matrix.cons_val_zero,
      Matrix.cons_val_one, Matrix.head_cons, Matrix.cons_val_two, Matrix.tail_cons,
  ̵  ̵ ̵ ̵Matrix.empty_val',
  ̲  ̲ ̲ ̲Matrix.cons_val_fin_one, Matrix.head_fin_const,
  ̵  ̵ ̵ ̵ocR, CD.mul_re, CD.mul_im, CD.one_re, CD.one_im,
  ̲  ̲ ̲ ̲mul_one, mul_zero, s̵u̵b̵_̵z̵e̵r̵o̵,̵ ̵add_zero,
  ̵  ̵ ̵ ̵Dbl.mul_re]

Note: This linter can be disabled with `set_option linter.unusedSimpArgs false`
warning: Phys/Algebra/OctonionJordanWeightDiagram.lean:220:82: This simp argument is unused:
  add_zero

Hint: Omit it from the simp argument list.
  simp only [Matrix.smul_apply, qsmul_def, Xz, Matrix.cons_val', Matrix.cons_val_zero,
      Matrix.cons_val_one, Matrix.head_cons, Matrix.cons_val_two, Matrix.tail_cons,
  ̵  ̵ ̵ ̵Matrix.empty_val',
  ̲  ̲ ̲ ̲Matrix.cons_val_fin_one, Matrix.head_fin_const,
  ̵  ̵ ̵ ̵ocR, CD.mul_re, CD.mul_im, CD.one_re, CD.one_im,
  ̲  ̲ ̲ ̲mul_one, mul_zero, sub_zero, a̵d̵d̵_̵z̵e̵r̵o̵,̵
  ̵ ̵ ̵ ̵ ̵Dbl.mul_re]

Note: This linter can be disabled with `set_option linter.unusedSimpArgs false`
warning: Phys/Algebra/OctonionJordanWeightDiagram.lean:221:4: This simp argument is unused:
  Dbl.mul_re

Hint: Omit it from the simp argument list.
  simp only [Matrix.smul_apply, qsmul_def, Xz, Matrix.cons_val', Matrix.cons_val_zero,
      Matrix.cons_val_one, Matrix.head_cons, Matrix.cons_val_two, Matrix.tail_cons,
  ̵  ̵ ̵ ̵Matrix.empty_val',
  ̲  ̲ ̲ ̲Matrix.cons_val_fin_one, Matrix.head_fin_const,
  ̵  ̵ ̵ ̵ocR, CD.mul_re, CD.mul_im, CD.one_re, CD.one_im,
  ̲  ̲ ̲ ̲mul_one, mul_zero, sub_zero, add_zero,̵
  ̵ ̵ ̵ ̵ ̵D̵b̵l̵.̵m̵u̵l̵_̵r̵e̵]

Note: This linter can be disabled with `set_option linter.unusedSimpArgs false`
⚠ [3477/3679] Replayed Phys.Algebra.TowerGatherCoherence
warning: Phys/Algebra/TowerGatherCoherence.lean:99:23: This simp argument is unused:
  WorldsGlue

Hint: Omit it from the simp argument list.
  simp only [W̵o̵r̵l̵d̵s̵G̵l̵u̵e̵,̵ ̵worldMap, Function.comp_apply]

Note: This linter can be disabled with `set_option linter.unusedSimpArgs false`
warning: Phys/Algebra/TowerGatherCoherence.lean:113:23: This simp argument is unused:
  WorldsGlue

Hint: Omit it from the simp argument list.
  simp only [W̵o̵r̵l̵d̵s̵G̵l̵u̵e̵,̵ ̵worldMap, Function.comp_apply]

Note: This linter can be disabled with `set_option linter.unusedSimpArgs false`
warning: Phys/Algebra/TowerGatherCoherence.lean:135:23: This simp argument is unused:
  WorldsGlue

Hint: Omit it from the simp argument list.
  simp only [W̵o̵r̵l̵d̵s̵G̵l̵u̵e̵,̵ ̵worldMap, Function.comp_apply]

Note: This linter can be disabled with `set_option linter.unusedSimpArgs false`
warning: Phys/Algebra/TowerGatherCoherence.lean:163:4: This simp argument is unused:
  Dbl.mul_re

Hint: Omit it from the simp argument list.
  simp only [zdX, wY, CD.mul_re, CD.mul_im, D̵b̵l̵.̵m̵u̵l̵_̵r̵e̵,̵ ̵Dbl.mul_im]

Note: This linter can be disabled with `set_option linter.unusedSimpArgs false`
warning: Phys/Algebra/TowerGatherCoherence.lean:163:16: This simp argument is unused:
  Dbl.mul_im

Hint: Omit it from the simp argument list.
  simp only [zdX, wY, CD.mul_re, CD.mul_im, D̵b̵l̵.̵m̵u̵l̵_̵r̵e̵,̵ ̵D̵b̵l̵.̵m̵u̵l̵_̵i̵m̵]̵D̲b̲l̲.̲m̲u̲l̲_̲r̲e̲]̲

Note: This linter can be disabled with `set_option linter.unusedSimpArgs false`
⚠ [3486/3679] Replayed Phys.Algebra.DerivationAutOpNorm
warning: Phys/Algebra/DerivationAutOpNorm.lean:237:26: This simp argument is unused:
  Matrix.one_apply

Hint: Omit it from the simp argument list.
  simp [M̵a̵t̵r̵i̵x̵.̵o̵n̵e̵_̵a̵p̵p̵l̵y̵,̵ ̵Ne.symm hj]

Note: This linter can be disabled with `set_option linter.unusedSimpArgs false`
⚠ [3525/3679] Replayed Phys.Algebra.DerivationDblPhase
warning: Phys/Algebra/DerivationDblPhase.lean:162:55: Try `simp at this` instead of `simpa using this`

Note: This linter can be disabled with `set_option linter.unnecessarySimpa false`
⚠ [3529/3679] Replayed Phys.Algebra.DerivationRep7FullBranching
warning: Phys/Algebra/DerivationRep7FullBranching.lean:136:21: Used `tac1 <;> tac2` where `(tac1; tac2)` would suffice

Note: This linter can be disabled with `set_option linter.unnecessarySeqFocus false`
⚠ [3533/3679] Replayed Phys.Algebra.DerivationRep7IrreducibleBimodule
warning: Phys/Algebra/DerivationRep7IrreducibleBimodule.lean:200:5: unused variable `hinvS`

Note: This linter can be disabled with `set_option linter.unusedVariables false`
⚠ [3536/3679] Replayed Phys.Algebra.DerivationColourIsospinCommutator
warning: Phys/Algebra/DerivationColourIsospinCommutator.lean:141:4: Try `simp at this` instead of `simpa using this`

Note: This linter can be disabled with `set_option linter.unnecessarySimpa false`
⚠ [3540/3679] Replayed Phys.Algebra.DerivationColourIsospinTraceForm
warning: Phys/Algebra/DerivationColourIsospinTraceForm.lean:257:46: This simp argument is unused:
  Matrix.cons_val_zero

Hint: Omit it from the simp argument list.
  simp only [isospinGram, Matrix.cons_val', M̵a̵t̵r̵i̵x̵.̵c̵o̵n̵s̵_̵v̵a̵l̵_̵z̵e̵r̵o̵,̵ ̵Matrix.cons_val_one, Matrix.head_cons,
  ̲  ̲ ̲ ̲ ̲ ̲Matrix.empty_val', Matrix.cons_val_fin_one, Matrix.of_apply, Matrix.smul_apply,
  ̲  ̲ ̲ ̲ ̲ ̲Matrix.one_apply, smul_eq_mul]

Note: This linter can be disabled with `set_option linter.unusedSimpArgs false`
warning: Phys/Algebra/DerivationColourIsospinTraceForm.lean:257:68: This simp argument is unused:
  Matrix.cons_val_one

Hint: Omit it from the simp argument list.
  simp only [isospinGram, Matrix.cons_val', Matrix.cons_val_zero, M̵a̵t̵r̵i̵x̵.̵c̵o̵n̵s̵_̵v̵a̵l̵_̵o̵n̵e̵,̵Matrix.head_cons,
        Matrix.empty_val', Matrix.cons_val_fin_one, Matrix.of_apply, Matrix.smul_apply,
        Matrix.one_apply, smul_eq_mul]

Note: This linter can be disabled with `set_option linter.unusedSimpArgs false`
warning: Phys/Algebra/DerivationColourIsospinTraceForm.lean:258:6: This simp argument is unused:
  Matrix.head_cons

Hint: Omit it from the simp argument list.
  simp only [isospinGram, Matrix.cons_val', Matrix.cons_val_zero, Matrix.cons_val_one,
        M̵a̵t̵r̵i̵x̵.̵h̵e̵a̵d̵_̵c̵o̵n̵s̵,̵ ̵Matrix.empty_val', Matrix.cons_val_fin_one, Matrix.of_apply, Matrix.smul_apply,
  ̲  ̲ ̲ ̲ ̲ ̲Matrix.one_apply, smul_eq_mul]

Note: This linter can be disabled with `set_option linter.unusedSimpArgs false`
⚠ [3541/3679] Replayed Phys.Algebra.OctonionCrossProduct
warning: Phys/Algebra/OctonionCrossProduct.lean:205:43: This simp argument is unused:
  CD.add_re

Hint: Omit it from the simp argument list.
  simp only [u1, u2, CD.mul_re, CD.mul_im, C̵D̵.̵a̵d̵d̵_̵r̵e̵,̵ ̵CD.add_im, CD.neg_re, CD.neg_im, Dbl.mul_re, Dbl.mul_im,
  ̲  ̲ ̲ ̲Dbl.add_re, Dbl.add_im, Dbl.neg_re, Dbl.neg_im]

Note: This linter can be disabled with `set_option linter.unusedSimpArgs false`
warning: Phys/Algebra/OctonionCrossProduct.lean:205:65: This simp argument is unused:
  CD.neg_re

Hint: Omit it from the simp argument list.
  simp only [u1, u2, CD.mul_re, CD.mul_im, CD.add_re, CD.add_im, C̵D̵.̵n̵e̵g̵_̵r̵e̵,̵ ̵CD.neg_im, Dbl.mul_re, Dbl.mul_im,
  ̲  ̲ ̲ ̲Dbl.add_re, Dbl.add_im, Dbl.neg_re, Dbl.neg_im]

Note: This linter can be disabled with `set_option linter.unusedSimpArgs false`
warning: Phys/Algebra/OctonionCrossProduct.lean:206:4: This simp argument is unused:
  Dbl.mul_re

Hint: Omit it from the simp argument list.
  simp only [u1, u2, CD.mul_re, CD.mul_im, CD.add_re, CD.add_im, CD.neg_re, CD.neg_im,
  ̵  ̵ ̵ ̵Dbl.mul_r̵e̵,̵ ̵D̵b̵l̵.̵m̵u̵l̵_̵im,
  ̲  ̲ ̲ ̲Dbl.add_re, Dbl.add_im, Dbl.neg_re, Dbl.neg_im]

Note: This linter can be disabled with `set_option linter.unusedSimpArgs false`
warning: Phys/Algebra/OctonionCrossProduct.lean:206:28: This simp argument is unused:
  Dbl.add_re

Hint: Omit it from the simp argument list.
  simp only [u1, u2, CD.mul_re, CD.mul_im, CD.add_re, CD.add_im, CD.neg_re, CD.neg_im,
  ̵  ̵ ̵ ̵Dbl.mul_re,
  ̲  ̲ ̲ ̲Dbl.mul_im, Dbl.add_r̵e̵,̵ ̵D̵b̵l̵.̵a̵d̵d̵_̵im, Dbl.neg_re, Dbl.neg_im]

Note: This linter can be disabled with `set_option linter.unusedSimpArgs false`
warning: Phys/Algebra/OctonionCrossProduct.lean:206:52: This simp argument is unused:
  Dbl.neg_re

Hint: Omit it from the simp argument list.
  simp only [u1, u2, CD.mul_re, CD.mul_im, CD.add_re, CD.add_im, CD.neg_re, CD.neg_im, Dbl.mul_re,
  ̲  ̲ ̲ ̲Dbl.mul_im, Dbl.add_re, Dbl.add_im, D̵b̵l̵.̵n̵e̵g̵_̵r̵e̵,̵ ̵Dbl.neg_im]

Note: This linter can be disabled with `set_option linter.unusedSimpArgs false`
⚠ [3542/3679] Replayed Phys.Algebra.OctonionCrossProductDerivation
warning: Phys/Algebra/OctonionCrossProductDerivation.lean:101:52: This simp argument is unused:
  CD.add_re

Hint: Omit it from the simp argument list.
  simp only [D0E, c3, u1, u2, CD.mul_re, CD.mul_im, CD.add_r̵e̵,̵ ̵C̵D̵.̵a̵d̵d̵_̵im,
  ̵  ̵ ̵ ̵CD.neg_im, Dbl.mul_im, Dbl.add_im,
  ̲  ̲ ̲ ̲Dbl.neg_im,
  ̵  ̵ ̵ ̵LinearMap.coe_mk, AddHom.coe_mk]

Note: This linter can be disabled with `set_option linter.unusedSimpArgs false`
⚠ [3544/3679] Replayed Phys.Algebra.OctonionAssociative3Form
warning: Phys/Algebra/OctonionAssociative3Form.lean:58:29: This simp argument is unused:
  CD.mul_im

Hint: Omit it from the simp argument list.
  simp only [reQ, CD.mul_re, C̵D̵.̵m̵u̵l̵_̵i̵m̵,̵ ̵CD.add_re, CD.add_im, CD.neg_re, CD.neg_im, CD.star_re, CD.star_im,
  ̲  ̲ ̲ ̲Dbl.mul_re, Dbl.mul_im, Dbl.add_re, Dbl.add_im, Dbl.neg_re, Dbl.neg_im, Dbl.star_re',
  ̲  ̲ ̲ ̲Dbl.star_im']

Note: This linter can be disabled with `set_option linter.unusedSimpArgs false`
warning: Phys/Algebra/OctonionAssociative3Form.lean:58:51: This simp argument is unused:
  CD.add_im

Hint: Omit it from the simp argument list.
  simp only [reQ, CD.mul_re, CD.mul_im, CD.add_re, C̵D̵.̵a̵d̵d̵_̵i̵m̵,̵ ̵CD.neg_re, CD.neg_im, CD.star_re, CD.star_im,
  ̲  ̲ ̲ ̲Dbl.mul_re, Dbl.mul_im, Dbl.add_re, Dbl.add_im, Dbl.neg_re, Dbl.neg_im, Dbl.star_re',
  ̲  ̲ ̲ ̲Dbl.star_im']

Note: This linter can be disabled with `set_option linter.unusedSimpArgs false`
warning: Phys/Algebra/OctonionAssociative3Form.lean:58:73: This simp argument is unused:
  CD.neg_im

Hint: Omit it from the simp argument list.
  simp only [reQ, CD.mul_re, CD.mul_im, CD.add_re, CD.add_im, CD.neg_re, C̵D̵.̵n̵e̵g̵_̵i̵m̵,̵CD.star_re, CD.star_im,
  ̲  ̲ ̲ ̲Dbl.mul_re, Dbl.mul_im, Dbl.add_re, Dbl.add_im, Dbl.neg_re, Dbl.neg_im, Dbl.star_re',
  ̲  ̲ ̲ ̲Dbl.star_im']

Note: This linter can be disabled with `set_option linter.unusedSimpArgs false`
warning: Phys/Algebra/OctonionAssociative3Form.lean:59:40: This simp argument is unused:
  Dbl.mul_im

Hint: Omit it from the simp argument list.
  simp only [reQ, CD.mul_re, CD.mul_im, CD.add_re, CD.add_im, CD.neg_re, CD.neg_im,
  ̵  ̵ ̵ ̵CD.star_re,
  ̲  ̲ ̲ ̲CD.star_im, Dbl.mul_re, Dbl.m̵u̵l̵_̵i̵m̵,̵ ̵D̵b̵l̵.̵add_re, Dbl.add_im,
  ̵  ̵ ̵ ̵Dbl.neg_re, Dbl.neg_im, Dbl.star_re',
  ̲  ̲ ̲ ̲Dbl.star_im']

Note: This linter can be disabled with `set_option linter.unusedSimpArgs false`
warning: Phys/Algebra/OctonionAssociative3Form.lean:59:64: This simp argument is unused:
  Dbl.add_im

Hint: Omit it from the simp argument list.
  simp only [reQ, CD.mul_re, CD.mul_im, CD.add_re, CD.add_im, CD.neg_re, CD.neg_im,
  ̵  ̵ ̵ ̵CD.star_re,
  ̲  ̲ ̲ ̲CD.star_im, Dbl.mul_re, Dbl.mul_im, Dbl.add_re, Dbl.a̵d̵d̵_̵i̵m̵,̵
  ̵ ̵ ̵ ̵ ̵D̵b̵l̵.̵neg_re, Dbl.neg_im, Dbl.star_re',
  ̲  ̲ ̲ ̲Dbl.star_im']

Note: This linter can be disabled with `set_option linter.unusedSimpArgs false`
⚠ [3567/3679] Replayed Phys.Algebra.TowerGatherIrreducible27
warning: Phys/Algebra/TowerGatherIrreducible27.lean:211:19: This simp argument is unused:
  Finsupp.single_apply

Hint: Omit it from the simp argument list.
  simp [coordFn, F̵i̵n̵s̵u̵p̵p̵.̵s̵i̵n̵g̵l̵e̵_̵a̵p̵p̵l̵y̵,̵ ̵bvec, imBasis, u1, e2O, e3O, e4O, e5O, e6O, e7O, c1, c2, c3, c4, c5, c6, c7]

Note: This linter can be disabled with `set_option linter.unusedSimpArgs false`
warning: Phys/Algebra/TowerGatherIrreducible27.lean:246:61: This simp argument is unused:
  CD.mul_im

Hint: Omit it from the simp argument list.
  simp only [reQ, c0, c1, c2, c3, c4, c5, c6, c7, CD.mul_re, CD.m̵u̵l̵_̵i̵m̵,̵
  ̵ ̵ ̵ ̵ ̵C̵D̵.̵star_re, CD.star_im, Dbl.mul_re,
  ̲  ̲ ̲ ̲Dbl.mul_im, Dbl.star_re', Dbl.star_im',
  ̵  ̵ ̵ ̵CD.neg_re, CD.neg_im, Dbl.neg_re, Dbl.neg_im,
  ̵  ̵ ̵ ̵CD.add_re,
  ̲  ̲ ̲ ̲CD.add_im, Dbl.add_re, Dbl.add_im]

Note: This linter can be disabled with `set_option linter.unusedSimpArgs false`
warning: Phys/Algebra/TowerGatherIrreducible27.lean:247:40: This simp argument is unused:
  Dbl.mul_im

Hint: Omit it from the simp argument list.
  simp only [reQ, c0, c1, c2, c3, c4, c5, c6, c7, CD.mul_re, CD.mul_im, CD.star_re, CD.star_im,
  ̲  ̲ ̲ ̲Dbl.mul_re, D̵b̵l̵.̵m̵u̵l̵_̵i̵m̵,̵ ̵Dbl.star_re', Dbl.star_im', CD.neg_re, CD.neg_im, Dbl.neg_re, Dbl.neg_im, CD.add_re,
  ̲  ̲ ̲ ̲CD.add_im, Dbl.add_re, Dbl.add_im]

Note: This linter can be disabled with `set_option linter.unusedSimpArgs false`
warning: Phys/Algebra/TowerGatherIrreducible27.lean:249:15: This simp argument is unused:
  CD.add_im

Hint: Omit it from the simp argument list.
  simp only [reQ, c0, c1, c2, c3, c4, c5, c6, c7, CD.mul_re, CD.mul_im,
  ̵  ̵ ̵ ̵CD.star_re, CD.star_im,
  ̲  ̲ ̲ ̲Dbl.mul_re, Dbl.mul_im, Dbl.star_re', Dbl.star_im',
  ̵  ̵ ̵ ̵CD.neg_re, CD.neg_im, Dbl.neg_re,
  ̲  ̲ ̲ ̲Dbl.neg_im,
  ̵  ̵ ̵ ̵CD.add_r̵e̵r̲e̲, C̵D.̵a̵d̵d̵_̵i̵m̵,̵ ̵D̵bl.add_re, Dbl.add_im]

Note: This linter can be disabled with `set_option linter.unusedSimpArgs false`
warning: Phys/Algebra/TowerGatherIrreducible27.lean:249:38: This simp argument is unused:
  Dbl.add_im

Hint: Omit it from the simp argument list.
  simp only [reQ, c0, c1, c2, c3, c4, c5, c6, c7, CD.mul_re, CD.mul_im, CD.star_re, CD.star_im,
  ̲  ̲ ̲ ̲Dbl.mul_re, Dbl.mul_im, Dbl.star_re', Dbl.star_im', CD.neg_re, CD.neg_im, Dbl.neg_re,
  ̲  ̲ ̲ ̲Dbl.neg_im, CD.add_re, CD.add_im, D̵b̵l̵.̵a̵d̵d̵_̵r̵e̵,̵ ̵D̵b̵l̵.̵a̵d̵d̵_̵i̵m̵]̵D̲b̲l̲.̲a̲d̲d̲_̲r̲e̲]̲

Note: This linter can be disabled with `set_option linter.unusedSimpArgs false`
warning: Phys/Algebra/TowerGatherIrreducible27.lean:743:4: 'ring' tactic does nothing

Note: This linter can be disabled with `set_option linter.unusedTactic false`
warning: Phys/Algebra/TowerGatherIrreducible27.lean:743:4: this tactic is never executed

Note: This linter can be disabled with `set_option linter.unreachableTactic false`
warning: Phys/Algebra/TowerGatherIrreducible27.lean:751:4: 'ring' tactic does nothing

Note: This linter can be disabled with `set_option linter.unusedTactic false`
warning: Phys/Algebra/TowerGatherIrreducible27.lean:751:4: this tactic is never executed

Note: This linter can be disabled with `set_option linter.unreachableTactic false`
warning: Phys/Algebra/TowerGatherIrreducible27.lean:759:4: 'ring' tactic does nothing

Note: This linter can be disabled with `set_option linter.unusedTactic false`
warning: Phys/Algebra/TowerGatherIrreducible27.lean:759:4: this tactic is never executed

Note: This linter can be disabled with `set_option linter.unreachableTactic false`
warning: Phys/Algebra/TowerGatherIrreducible27.lean:767:4: 'ring' tactic does nothing

Note: This linter can be disabled with `set_option linter.unusedTactic false`
warning: Phys/Algebra/TowerGatherIrreducible27.lean:767:4: this tactic is never executed

Note: This linter can be disabled with `set_option linter.unreachableTactic false`
warning: Phys/Algebra/TowerGatherIrreducible27.lean:775:4: 'ring' tactic does nothing

Note: This linter can be disabled with `set_option linter.unusedTactic false`
warning: Phys/Algebra/TowerGatherIrreducible27.lean:775:4: this tactic is never executed

Note: This linter can be disabled with `set_option linter.unreachableTactic false`
warning: Phys/Algebra/TowerGatherIrreducible27.lean:783:4: 'ring' tactic does nothing

Note: This linter can be disabled with `set_option linter.unusedTactic false`
warning: Phys/Algebra/TowerGatherIrreducible27.lean:783:4: this tactic is never executed

Note: This linter can be disabled with `set_option linter.unreachableTactic false`
warning: Phys/Algebra/TowerGatherIrreducible27.lean:791:4: 'ring' tactic does nothing

Note: This linter can be disabled with `set_option linter.unusedTactic false`
warning: Phys/Algebra/TowerGatherIrreducible27.lean:791:4: this tactic is never executed

Note: This linter can be disabled with `set_option linter.unreachableTactic false`
warning: Phys/Algebra/TowerGatherIrreducible27.lean:799:4: 'ring' tactic does nothing

Note: This linter can be disabled with `set_option linter.unusedTactic false`
warning: Phys/Algebra/TowerGatherIrreducible27.lean:799:4: this tactic is never executed

Note: This linter can be disabled with `set_option linter.unreachableTactic false`
warning: Phys/Algebra/TowerGatherIrreducible27.lean:807:4: 'ring' tactic does nothing

Note: This linter can be disabled with `set_option linter.unusedTactic false`
warning: Phys/Algebra/TowerGatherIrreducible27.lean:807:4: this tactic is never executed

Note: This linter can be disabled with `set_option linter.unreachableTactic false`
warning: Phys/Algebra/TowerGatherIrreducible27.lean:815:4: 'ring' tactic does nothing

Note: This linter can be disabled with `set_option linter.unusedTactic false`
warning: Phys/Algebra/TowerGatherIrreducible27.lean:815:4: this tactic is never executed

Note: This linter can be disabled with `set_option linter.unreachableTactic false`
warning: Phys/Algebra/TowerGatherIrreducible27.lean:823:4: 'ring' tactic does nothing

Note: This linter can be disabled with `set_option linter.unusedTactic false`
warning: Phys/Algebra/TowerGatherIrreducible27.lean:823:4: this tactic is never executed

Note: This linter can be disabled with `set_option linter.unreachableTactic false`
warning: Phys/Algebra/TowerGatherIrreducible27.lean:831:4: 'ring' tactic does nothing

Note: This linter can be disabled with `set_option linter.unusedTactic false`
warning: Phys/Algebra/TowerGatherIrreducible27.lean:831:4: this tactic is never executed

Note: This linter can be disabled with `set_option linter.unreachableTactic false`
warning: Phys/Algebra/TowerGatherIrreducible27.lean:839:4: 'ring' tactic does nothing

Note: This linter can be disabled with `set_option linter.unusedTactic false`
warning: Phys/Algebra/TowerGatherIrreducible27.lean:839:4: this tactic is never executed

Note: This linter can be disabled with `set_option linter.unreachableTactic false`
warning: Phys/Algebra/TowerGatherIrreducible27.lean:847:4: 'ring' tactic does nothing

Note: This linter can be disabled with `set_option linter.unusedTactic false`
warning: Phys/Algebra/TowerGatherIrreducible27.lean:847:4: this tactic is never executed

Note: This linter can be disabled with `set_option linter.unreachableTactic false`
⚠ [3586/3679] Replayed Phys.Algebra.LorentzContinuumRealFactor
warning: Phys/Algebra/LorentzContinuumRealFactor.lean:146:36: This simp argument is unused:
  coeff_X

Hint: Omit it from the simp argument list.
  simp [coeff_add, coeff_C,̵ ̵c̵o̵e̵f̵f̵_̵X̵]

Note: This linter can be disabled with `set_option linter.unusedSimpArgs false`
warning: Phys/Algebra/LorentzContinuumRealFactor.lean:182:2: `push_neg` has been deprecated. Prefer using `push Not` instead.
If you'd rather continue using `push_neg` in your project, you can implement it as follows:
```
open Lean.Parser.Tactic in
macro "push_neg" cfg:optConfig loc:(location)? : tactic =>
  `(tactic| push $cfg:optConfig Not $[$loc]?)
```
⚠ [3620/3679] Replayed Phys.Algebra.LorentzContinuumGenerationSO8ReflectionDeflation
warning: Phys/Algebra/LorentzContinuumGenerationSO8ReflectionDeflation.lean:126:22: Used `tac1 <;> tac2` where `(tac1; tac2)` would suffice

Note: This linter can be disabled with `set_option linter.unnecessarySeqFocus false`
⚠ [3629/3679] Replayed Phys.Algebra.LorentzContinuumGenerationNullPeel
warning: Phys/Algebra/LorentzContinuumGenerationNullPeel.lean:246:15: Used `tac1 <;> tac2` where `(tac1; tac2)` would suffice

Note: This linter can be disabled with `set_option linter.unnecessarySeqFocus false`
ℹ [3662/3679] Replayed Phys.Algebra.LorentzContinuumOctBlockSO8ClosureWord
info: Phys/Algebra/LorentzContinuumOctBlockSO8ClosureWord.lean:169:17: Try this:
  [apply] ring_nf
  
  The `ring` tactic failed to close the goal. Use `ring_nf` to obtain a normal form.
    
  Note that `ring` works primarily in *commutative* rings. If you have a noncommutative ring, abelian group or module, consider using `noncomm_ring`, `abel` or `module` instead.
⚠ [3673/3679] Replayed Phys.Algebra.LorentzContinuumSO9UnconditionalClosure
warning: Phys/Algebra/LorentzContinuumSO9UnconditionalClosure.lean:124:4: This simp argument is unused:
  Matrix.head_cons

Hint: Omit it from the simp argument list.
  simp only [axisRotF, LinearMap.coe_mk, AddHom.coe_mk, Matrix.cons_val_zero, Matrix.cons_val_one,̵
  ̵ ̵ ̵ ̵ ̵M̵a̵t̵r̵i̵x̵.̵h̵e̵a̵d̵_̵c̵o̵n̵s̵]

Note: This linter can be disabled with `set_option linter.unusedSimpArgs false`
warning: Phys/Algebra/LorentzContinuumSO9UnconditionalClosure.lean:142:49: This simp argument is unused:
  Matrix.head_cons

Hint: Omit it from the simp argument list.
  simp only [Fin.zero_eta, Fin.mk_one, Matrix.mulVec, dotProduct, Fin.sum_univ_two,
        Matrix.cons_val_zero, Matrix.cons_val_one, Matrix.h̵e̵a̵d̵_̵c̵on̵s̵,̵ ̵M̵a̵t̵r̵i̵x̵.̵o̵f_apply,
  ̵  ̵ ̵ ̵ ̵ ̵Matrix.cons_val',
  ̲  ̲ ̲ ̲ ̲ ̲Matrix.empty_val', Matrix.cons_val_fin_one, Fin.isValue]

Note: This linter can be disabled with `set_option linter.unusedSimpArgs false`
warning: Phys/Algebra/LorentzContinuumSO9UnconditionalClosure.lean:143:81: Used `tac1 <;> tac2` where `(tac1; tac2)` would suffice

Note: This linter can be disabled with `set_option linter.unnecessarySeqFocus false`
warning: Phys/Algebra/LorentzContinuumSO9UnconditionalClosure.lean:174:29: This simp argument is unused:
  Matrix.head_cons

Hint: Omit it from the simp argument list.
  simp only [Prod.mk_add_mk, Fin.zero_eta, Fin.mk_one, Matrix.cons_val_zero,
          Matrix.cons_val_one, M̵a̵t̵r̵i̵x̵.̵h̵e̵a̵d̵_̵c̵o̵n̵s̵,̵ ̵Pi.add_apply, gFormC_add_left]

Note: This linter can be disabled with `set_option linter.unusedSimpArgs false`
warning: Phys/Algebra/LorentzContinuumSO9UnconditionalClosure.lean:179:29: This simp argument is unused:
  Matrix.head_cons

Hint: Omit it from the simp argument list.
  simp only [Prod.smul_mk, Fin.zero_eta, Fin.mk_one, Matrix.cons_val_zero, Matrix.cons_val_one,
  ̲  ̲ ̲ ̲ ̲ ̲ ̲ ̲M̵a̵t̵r̵i̵x̵.̵h̵e̵a̵d̵_̵c̵o̵n̵s̵,̵ ̵Pi.smul_apply, gFormC_smul_left, smul_eq_mul, RingHom.id_apply]

Note: This linter can be disabled with `set_option linter.unusedSimpArgs false`
warning: Phys/Algebra/LorentzContinuumSO9UnconditionalClosure.lean:174:78: Used `tac1 <;> tac2` where `(tac1; tac2)` would suffice

Note: This linter can be disabled with `set_option linter.unnecessarySeqFocus false`
warning: Phys/Algebra/LorentzContinuumSO9UnconditionalClosure.lean:180:26: Used `tac1 <;> tac2` where `(tac1; tac2)` would suffice

Note: This linter can be disabled with `set_option linter.unnecessarySeqFocus false`
warning: Phys/Algebra/LorentzContinuumSO9UnconditionalClosure.lean:222:25: This simp argument is unused:
  Matrix.head_cons

Hint: Omit it from the simp argument list.
  simp only [genBoostF, genBoostG, LinearMap.coe_mk, AddHom.coe_mk, Matrix.cons_val_zero,
      Matrix.cons_val_one,̵ ̵M̵a̵t̵r̵i̵x̵.̵h̵e̵a̵d̵_̵c̵o̵n̵s̵]

Note: This linter can be disabled with `set_option linter.unusedSimpArgs false`
warning: Phys/Algebra/LorentzContinuumSO9UnconditionalClosure.lean:246:49: This simp argument is unused:
  Matrix.head_cons

Hint: Omit it from the simp argument list.
  simp only [Fin.zero_eta, Fin.mk_one, Matrix.mulVec, dotProduct, Fin.sum_univ_two,
        Matrix.cons_val_zero, Matrix.cons_val_one, Matrix.h̵e̵a̵d̵_̵c̵on̵s̵,̵ ̵M̵a̵t̵r̵i̵x̵.̵o̵f_apply,
  ̵  ̵ ̵ ̵ ̵ ̵Matrix.cons_val',
  ̲  ̲ ̲ ̲ ̲ ̲Matrix.empty_val', Matrix.cons_val_fin_one, Fin.isValue]

Note: This linter can be disabled with `set_option linter.unusedSimpArgs false`
✔ [3677/3679] Built Phys.Algebra.TowerGatherForcedColourChargeCommute (8.0s)
✔ [3678/3679] Built Phys (15s)
Build completed successfully (3679 jobs).
real 45.14
user 7.34
sys 13.61
EXIT 0
